Generation,Population,Nwt.0,Nmut.0,Nwt.1,Nmut.1,xmut.0,xmut.1,logfc_mut,logfc_wt,logit_percycle,logit_pergen,W,log_percycle,#Rep
0,Ara + 1,279500.0,312500.0,29150000.0,25350000.0,0.527652652041332,0.4608668680577327,4.374048931166445,4.646777865542971,-0.27272893437652523,-0.05829971928806925,0.9417002807119307,-0.1472098564021114,4.0
500,Ara + 1,152000.0,154000.0,19500000.0,32800000.0,0.4888070077864294,0.62740265059536,5.635006047110302,5.068540093586486,0.5664659535238168,0.1096372735609635,1.1096372735609634,0.2504855426394527,2.0
1000,Ara + 1,266000.0,242000.0,10600000.0,29400000.0,0.4782351935599173,0.7312479528332787,4.750921183608767,3.661377163686665,1.089544019922102,0.295904137274925,1.295904137274925,0.4273804723046888,2.0
1500,Ara + 1,253000.0,179000.0,18800000.0,32300000.0,0.4153115791771254,0.6355835942776448,5.199361969340529,4.285327634473206,0.9140343348673228,0.22350980115359032,1.2235098011535905,0.4181667552053688,2.0
2000,Ara + 1,262000.0,164000.0,16700000.0,28500000.0,0.3846724684611752,0.6296336355233919,5.164754957515825,4.163901349122165,1.00085360839366,0.2401050887757472,1.2401050887757472,0.49253103613535715,2.0
2500,Ara + 1,234000.0,77000.0,14500000.0,21500000.0,0.2552805280528053,0.5986068111455108,5.670551270015782,4.195904401937719,1.4746468680780618,0.3531827123134367,1.3531827123134366,0.8550838532016802,2.0
3000,Ara + 1,282000.0,131000.0,14100000.0,22700000.0,0.3171219971738106,0.6151094027202839,5.150164269100097,3.9083733541873404,1.241790914912757,0.3184129087395015,1.3184129087395016,0.6587491395143441,2.0
3500,Ara + 1,231000.0,140000.0,14000000.0,25800000.0,0.3786968304465653,0.6526720472541182,5.220054178994961,4.086652102802361,1.1334020761926005,0.2784845074770488,1.2784845074770488,0.5419794111485111,2.0
4000,Ara + 1,220000.0,116000.0,12900000.0,23100000.0,0.3847072879330944,0.6409741943449809,5.31812193559556,4.2416643387317405,1.0764575968638186,0.2595518315873247,1.2595518315873246,0.5328870991699302,2.0
4500,Ara + 1,290000.0,86000.0,15300000.0,17400000.0,0.23205626293849077,0.5312991094814039,5.3370684114846245,3.970502232106937,1.3665661793776873,0.3446944646206469,1.344694464620647,0.8704969161154017,2.0
5000,Ara + 1,277000.0,155000.0,15700000.0,20800000.0,0.35924478047942265,0.5722984875174635,4.897200179519274,4.02644379164257,0.870756387876704,0.2167033607021122,1.2167033607021123,0.46522662845813223,2.0
6000,Ara + 1,310000.0,145000.0,12800000.0,23700000.0,0.31702750940907154,0.6476515151515152,5.0995527032488095,3.719861408252652,1.3796912949961577,0.3709775485296334,1.3709775485296334,0.7173660429694656,2.0
7000,Ara + 1,299000.0,151000.0,15100000.0,24800000.0,0.33290083040562124,0.626082251082251,5.1111518340742865,3.8964181254231613,1.214733708651125,0.3150976385567251,1.315097638556725,0.633639024906762,2.0
8000,Ara + 1,283000.0,168000.0,11800000.0,26200000.0,0.3726496735111321,0.6894468462476444,5.049571946164475,3.7307701986041204,1.3188017475603544,0.3535645259970341,1.353564525997034,0.615858043995399,2.0
9000,Ara + 1,284000.0,159000.0,11500000.0,29700000.0,0.3588352840422495,0.7201382499351217,5.228442334507952,3.700281198622725,1.5281611358852276,0.41327971651414475,1.4132797165141446,0.6961898297092748,2.0
10000,Ara + 1,307000.0,196000.0,15000000.0,26200000.0,0.39040976321970416,0.6400226757369615,4.892330881958845,3.851462465636791,1.0408684163220538,0.2833850960894142,1.2833850960894142,0.48600439422634195,2.0
11000,Ara + 1,301000.0,161000.0,14200000.0,30000000.0,0.34879209850628784,0.6801446280991735,5.22921120723237,3.8458648426049686,1.3833463646274016,0.3638488324398521,1.363848832439852,0.6727937034518872,2.0
12000,Ara + 1,297000.0,161000.0,13800000.0,28400000.0,0.34689858559205294,0.6748870268183573,5.196860690695044,3.828827638067266,1.3680330526277784,0.35749324814067285,1.3574932481406727,0.6703642136062964,2.0
13000,Ara + 1,291000.0,166000.0,12200000.0,33800000.0,0.362197607784316,0.7346722042062543,5.32038835489198,3.7353721032290226,1.585016251662957,0.4243800167904601,1.4243800167904601,0.7082574996445843,2.0
14000,Ara + 1,275000.0,166000.0,12600000.0,30300000.0,0.3765306122448979,0.7097083569466847,5.212169564389809,3.7932747185067335,1.418894845883075,0.3867409727144435,1.3867409727144435,0.6298153241323028,2.0
15000,Ara + 1,216000.0,108000.0,10300000.0,32900000.0,0.3197039777983349,0.7618670026721123,5.856573562924586,3.9344034734782483,1.9221700894463378,0.49276254239533746,1.4927625423953375,0.8735552417644519,2.0
16000,Ara + 1,258000.0,153000.0,10200000.0,26200000.0,0.3739528795811518,0.7190933026662227,5.140732538589365,3.6831074394008385,1.457625099188526,0.3963764271919135,1.3963764271919135,0.6557303285285643,2.0
17000,Ara + 1,308000.0,163000.0,15600000.0,28900000.0,0.3465954364360739,0.651489396146997,5.178284508675519,3.9115985932135455,1.2666859154619738,0.3294804501699521,1.3294804501699522,0.6286397967416328,2.0
18000,Ara + 1,305000.0,164000.0,10800000.0,32100000.0,0.35029498525073743,0.7483372456964006,5.276775573479881,3.567388153521384,1.7093874199584969,0.4791774020033873,1.4791774020033874,0.7601183221014116,2.0
19000,Ara + 1,289000.0,161000.0,8500000.0,33300000.0,0.35770727563659355,0.7957004033736708,5.329999802350663,3.375763545708026,1.9542362566426368,0.5815387254909937,1.5815387254909938,0.7991174582906468,2.0
20000,Ara + 1,273000.0,186000.0,8300000.0,31200000.0,0.40483539094650206,0.7888948773226567,5.122775222285957,3.4097603001970063,1.7130149220889506,0.505493510290769,1.5054935102907692,0.6665782508647988,2.0
22000,Ara + 1,304000.0,182000.0,10900000.0,30100000.0,0.3711858529819695,0.7322382223917605,5.125228226981342,3.579388505028106,1.5458397219532363,0.4318937454288192,1.4318937454288192,0.6793455898464815,2.0
24000,Ara + 1,278000.0,147000.0,9700000.0,29300000.0,0.34344654763502935,0.7466935930941633,5.296551001986021,3.5254280613114055,1.7711229406746163,0.5109351682534802,1.5109351682534802,0.7740756146467007,2.0
26000,Ara + 1,271000.0,171000.0,10000000.0,32100000.0,0.39205841594712715,0.7630607994929604,5.243255357549508,3.6328215396730394,1.6104338178764679,0.44454326823789014,1.44454326823789,0.6680338475430556,2.0
28000,Ara + 1,277000.0,174000.0,10700000.0,30400000.0,0.3881190504880106,0.7398408638817846,5.168175817416204,3.663275181597079,1.504900635819124,0.41063478694287237,1.4106347869428724,0.6454111247865708,2.0
30000,Ara + 1,242000.0,136000.0,10200000.0,28700000.0,0.36191042999553635,0.7397637586736585,5.376787181356984,3.7513320099793344,1.6254551713776493,0.43275129615556385,1.4327512961555637,0.7133557411934314,2.0
32000,Ara + 1,318000.0,179000.0,9700000.0,29400000.0,0.3595326132788427,0.7528298920448591,5.104864520840499,3.4088465025796255,1.6960180182608737,0.49918594258775717,1.4991859425877572,0.7395819323431035,2.0
34000,Ara + 1,287000.0,189000.0,13300000.0,32200000.0,0.39878361989013345,0.7103963272896328,5.13936254775242,3.816487589715038,1.3228749580373818,0.35834562067454245,1.3583456206745423,0.575481641347965,2.0
36000,Ara + 1,320000.0,157000.0,9900000.0,27500000.0,0.3296035242290749,0.7328255329008341,5.155719372631295,3.433466642230941,1.722252730400354,0.501430884931587,1.5014308849315872,0.7989917202860976,2.0
38000,Ara + 1,312000.0,185000.0,7800000.0,30800000.0,0.37032433135094733,0.7984425349087003,5.125341876260158,3.2025233744987247,1.9228185017614337,0.6081638335959891,1.6081638335959891,0.7713398983442983,2.0
40000,Ara + 1,325000.0,186000.0,9200000.0,28500000.0,0.36391635098093567,0.758317719866008,5.032971263250209,3.3261281669117126,1.706843096338497,0.5155634334073158,1.515563433407316,0.7336253383775986,2.0
42000,Ara + 1,284000.0,174000.0,10100000.0,29000000.0,0.3850250626566416,0.7471172325432416,5.115207955322817,3.5511266161096913,1.5640813392131259,0.4411356833194788,1.4411356833194788,0.6649657343077775,2.0
44000,Ara + 1,286000.0,150000.0,10000000.0,22200000.0,0.3475423728813559,0.6914568588776733,4.997972331679023,3.5487812050143774,1.4491911266646458,0.4084089164600365,1.4084089164600364,0.6937084133200007,2.0
46000,Ara + 1,300000.0,165000.0,7000000.0,28500000.0,0.3547222222222222,0.8024068076459008,5.151573207468582,3.1465516051901647,2.0050216022784175,0.6393479635111068,1.6393479635111068,0.8159965190135193,2.0
48000,Ara + 1,302000.0,108000.0,7600000.0,15800000.0,0.25866876385214843,0.6173767752715121,4.899114321121576,3.220832774528769,1.678281546592807,0.5288109985892318,1.5288109985892318,0.9737929409100953,2.0
50000,Ara + 1,277000.0,121000.0,10500000.0,18700000.0,0.299314807765512,0.642112676056338,5.081754867117851,3.615021440305697,1.466733426812155,0.40602336355546786,1.4060233635554678,0.784177500674877,2.0
0,Ara + 2,247000.0,247500.0,21350000.0,21400000.0,0.5081331190606845,0.5037641491557378,4.482677246510487,4.500096601632227,-0.017419355121740088,-0.0038685370150144055,0.9961314629849857,-0.008990335544990263,4.0
500,Ara + 2,160000.0,161000.0,9700000.0,28200000.0,0.5161900756938604,0.7377568252181255,5.16486733956461,4.17141990213573,0.9934474374288811,0.23744533670806092,1.237445336708061,0.35893089419136937,2.0
1000,Ara + 2,220000.0,167000.0,12600000.0,24500000.0,0.4332750582750583,0.6677860256863438,5.00353593439635,4.02249600314118,0.9810399312551699,0.2455924317212021,1.2455924317212022,0.4282099967491395,2.0
1500,Ara + 2,180000.0,129000.0,10900000.0,25800000.0,0.43210968597965504,0.7083459511840591,5.298317366548036,4.125745012841616,1.1725723537064203,0.2846214578830859,1.284621457883086,0.5037563207000643,2.0
2000,Ara + 2,239000.0,135000.0,11100000.0,20800000.0,0.3609625668449198,0.6720142602495544,5.0420916064407235,3.698857882142083,1.3432337242986405,0.383870685290757,1.383870685290757,0.61107476758674,2.0
2500,Ara + 2,254000.0,180000.0,6600000.0,17100000.0,0.4088142976106591,0.721111111111111,4.517822581458646,3.1885635139599833,1.3292590674986626,0.4102710704334067,1.4102710704334067,0.5872818518985955,2.0
3000,Ara + 2,211000.0,142000.0,7100000.0,23200000.0,0.4025316455696203,0.7652646750524109,5.09914034976424,3.5218693274269732,1.5772710223372668,0.4486164965912131,1.4486164965912132,0.6424087086733896,2.0
3500,Ara + 2,227000.0,128000.0,8800000.0,20000000.0,0.3662211655850415,0.6972140408478587,5.048735524538962,3.6301577444042046,1.4185777801347579,0.3925386971302796,1.3925386971302796,0.6472545998952737,2.0
4000,Ara + 2,201000.0,117000.0,6100000.0,19600000.0,0.3678640661470902,0.7623864324651726,5.120606068736904,3.409380870394258,1.7112251983426456,0.5030121284117495,1.5030121284117497,0.7284001994581107,2.0
4500,Ara + 2,202000.0,91000.0,6500000.0,18800000.0,0.3124300111982083,0.7446969696969696,5.291655535948801,3.4221371997013508,1.8695183362474508,0.5447603141288848,1.5447603141288848,0.8811644113835388,2.0
5000,Ara + 2,184000.0,107000.0,5400000.0,14700000.0,0.3798317185109638,0.7408574380165289,4.925247511197808,3.365706704565447,1.5595408066323615,0.4636058551924556,1.4636058551924556,0.673066194669602,2.0
6000,Ara + 2,255000.0,138000.0,6800000.0,18700000.0,0.34997150701963425,0.7336692795819335,4.94326316957139,3.2848902062381944,1.6583729633331952,0.5052945779489002,1.5052945779489,0.776195306090877,2.0
7000,Ara + 2,242000.0,141000.0,5300000.0,17500000.0,0.3742994505494506,0.7701848998459169,4.824907779656284,3.037813966782276,1.7870938128740077,0.592689176814847,1.5926891768148472,0.7353171253515679,2.0
8000,Ara + 2,214000.0,144000.0,6700000.0,23800000.0,0.400225056264066,0.8057901378373131,5.088880843294183,3.179554261208644,1.9093265820855394,0.6539104209178007,1.6539104209178006,0.7037109772266815,2.0
9000,Ara + 2,189000.0,102000.0,6600000.0,17800000.0,0.35490625297420764,0.7566759239478744,5.159657723839919,3.30715142503451,1.8525062988054093,0.6025655259508027,1.6025655259508027,0.7560199534920982,2.0
10000,Ara + 2,202000.0,95000.0,6700000.0,17300000.0,0.3410176779741997,0.7190191719922201,5.191720756317515,3.4945680052324692,1.6971527510850466,0.4858835039612114,1.4858835039612115,0.7736671434499865,2.0
11000,Ara + 2,232000.0,124000.0,7300000.0,14900000.0,0.37105062493783775,0.6713474025974027,4.79071770041903,3.5204494496766836,1.270268250742346,0.37336739054507556,1.3733673905450756,0.6332435392227589,2.0
12000,Ara + 2,196000.0,164000.0,4400000.0,17700000.0,0.45022399203583874,0.8036860292907684,4.706002445806634,3.07280761346762,1.633194832339014,0.535848066677429,1.535848066677429,0.5871159969982502,2.0
13000,Ara + 2,207000.0,133000.0,5800000.0,17500000.0,0.40364583333333337,0.7502956393200295,4.883240885904368,3.375258905261604,1.5079819806427646,0.46263726602888655,1.4626372660288864,0.6490921622298081,2.0
14000,Ara + 2,193000.0,137000.0,6400000.0,21400000.0,0.41515151515151516,0.7706860706860708,5.072993701097338,3.504907186015455,1.568086515081883,0.4480241012830798,1.44802410128308,0.6413956268999785,2.0
15000,Ara + 2,210000.0,139000.0,6700000.0,19300000.0,0.40816891658013155,0.7416472416472417,4.934966905914347,3.5055632679886086,1.4294036379257382,0.4135574718666344,1.4135574718666344,0.6029128341275642,2.0
16000,Ara + 2,230000.0,160000.0,5400000.0,20900000.0,0.40961573867073464,0.7946321591181404,4.867990540763657,3.143222961020687,1.72476757974297,0.5467701697766657,1.5467701697766656,0.674424892741281,2.0
17000,Ara + 2,258000.0,118000.0,5200000.0,13800000.0,0.3148295003965107,0.7284937284937285,4.7636224783922305,2.9791055610438395,1.7845169173483908,0.6202734306744764,1.6202734306744764,0.8413950371484809,2.0
18000,Ara + 2,242000.0,111000.0,5100000.0,21800000.0,0.3111540941328176,0.8123132263420033,5.305490359988189,2.9892007265666285,2.31628963342156,0.8109628391896526,1.8109628391896528,0.9705097005722252,2.0
19000,Ara + 2,228000.0,133000.0,7100000.0,16100000.0,0.3744067690770576,0.6951965391213546,4.79577122252249,3.451183299115145,1.3445879234073455,0.39044866669531764,1.3904486666953177,0.6260178173298807,2.0
20000,Ara + 2,239000.0,103000.0,5600000.0,21300000.0,0.302795841012623,0.7913392363032651,5.334230233833665,3.164259664427295,2.16997056940637,0.6863243340832156,1.6863243340832157,0.9613741034776084,2.0
22000,Ara + 2,241000.0,125000.0,4100000.0,21300000.0,0.3417940754897277,0.8384176587301587,5.146942901196322,2.8295708470167904,2.3173720541795317,0.8325554399587927,1.8325554399587924,0.9070878521155739,2.0
24000,Ara + 2,283000.0,141000.0,4900000.0,21600000.0,0.33504004640474755,0.8132128193430657,5.030743169188869,2.8227567832661125,2.207986385922757,0.7872694592726956,1.7872694592726956,0.8948057280865045,2.0
26000,Ara + 2,246000.0,167000.0,5800000.0,24400000.0,0.4144382407679499,0.8036616161616161,4.968660812775955,3.2019052081541846,1.766755604621771,0.5588197914837014,1.5588197914837014,0.6687673379375018,2.0
28000,Ara + 2,200000.0,87000.0,4200000.0,16300000.0,0.3028846153846154,0.7902930402930404,5.249116680361038,3.0449917654745455,2.204124914886492,0.7238977929035798,1.7238977929035797,0.9867464818352276,2.0
30000,Ara + 2,218000.0,122000.0,4100000.0,15400000.0,0.35564942671541655,0.7949197860962567,4.858297376351018,2.889586660311406,1.9687107160396118,0.6926604970134669,1.6926604970134669,0.8045855587205079,2.0
32000,Ara + 2,230000.0,107000.0,5000000.0,20700000.0,0.31168291802094616,0.8005628881987578,5.2637805283965555,3.0716212824989264,2.192159245897629,0.7107090887368677,1.7107090887368677,0.9501473722648182,2.0
34000,Ara + 2,262000.0,111000.0,7400000.0,22600000.0,0.2931726907630522,0.7432069546220017,5.317276983979184,3.3364423746923646,1.980834609286819,0.5973969184514847,1.597396918451485,0.9357207483238634,2.0
36000,Ara + 2,217000.0,83000.0,6000000.0,20700000.0,0.2717171717171717,0.7817842182723876,5.558985482066457,3.232961263351549,2.326024218714908,0.7414821804752698,1.7414821804752698,1.069726838595332,2.0
38000,Ara + 2,237000.0,114000.0,2900000.0,17500000.0,0.32605461518116896,0.8599415204678362,5.034588028397591,2.485416000046703,2.5491720283508883,1.0289019399539054,2.0289019399539057,0.9700064558325038,2.0
40000,Ara + 2,243000.0,119000.0,5400000.0,20100000.0,0.3278411880216004,0.7957516339869282,5.123317581997158,3.028754618196878,2.0945629638002803,0.7153702152012433,1.7153702152012436,0.8863530979040071,2.0
42000,Ara + 2,275000.0,112000.0,6300000.0,20300000.0,0.2900966183574879,0.7602794184461609,5.192874066496062,3.1288323653719314,2.0640417011241303,0.6602668222045492,1.6602668222045494,0.9624873909826118,2.0
44000,Ara + 2,232000.0,80000.0,4000000.0,18000000.0,0.2531234382808596,0.8173021255479282,5.43984892984578,2.8389526800986706,2.6008962497471093,0.9201225775974939,1.920122577597494,1.177724909456432,2.0
46000,Ara + 2,286000.0,108000.0,5200000.0,15500000.0,0.273193617405202,0.7485632183908046,4.970732297462076,2.8893264876115348,2.0814058098505406,0.7290016918936065,1.7290016918936066,1.0218597292376503,2.0
48000,Ara + 2,251000.0,85000.0,4800000.0,20100000.0,0.2554353627726577,0.8077582794563927,5.458708376987099,2.94355226589187,2.51515611109523,0.8698457227986207,1.8698457227986207,1.1622121344075524,2.0
50000,Ara + 2,270000.0,70000.0,4700000.0,19200000.0,0.19901539365884124,0.8114357864357864,5.681788499331099,2.7896631138946266,2.8921253854364726,1.1057894919466695,2.1057894919466698,1.4140724458899303,2.0
0,Ara + 3,341500.0,353500.0,30600000.0,31000000.0,0.5130612265935864,0.5048934721979985,4.48549989893379,4.519345698692878,-0.033845799759087525,-0.006034609016091544,0.9939653909839083,-0.012329468980977198,4.0
500,Ara + 3,338000.0,269000.0,19100000.0,30800000.0,0.4457946913975056,0.6176536779835391,4.760354992347379,4.062405880177754,0.6979491121696253,0.171921739168054,1.171921739168054,0.3260822962657549,2.0
1000,Ara + 3,330000.0,293000.0,19000000.0,32000000.0,0.4747943648157642,0.6262934220251293,4.719732702254959,4.099875035901813,0.6198576663531459,0.15691689690347402,1.156916896903474,0.2761578367072667,2.0
1500,Ara + 3,296000.0,221000.0,19100000.0,33900000.0,0.42674488567990376,0.6355811027224891,5.0242052133653,4.162466146359863,0.8617390670054372,0.20808839894102354,1.2080883989410236,0.3936953335903254,2.0
2000,Ara + 3,148000.0,125000.0,10700000.0,28900000.0,0.47785626535626535,0.7319240196078431,5.472855662214295,4.347816067566807,1.1250395946474885,0.29241730682659783,1.2924173068265978,0.4287241130684709,2.0
2500,Ara + 3,328000.0,240000.0,12100000.0,34200000.0,0.42834452950059887,0.7488550055341399,4.97032365912726,3.5540006140302496,1.4163230450970108,0.4026872381929989,1.402687238192999,0.5563615328443269,2.0
3000,Ara + 3,307000.0,203000.0,11200000.0,27600000.0,0.39736805673060654,0.7136418511066398,4.917875272494978,3.582153216419372,1.3357220560756058,0.37994399128956446,1.3799439912895646,0.5908065171060777,2.0
3500,Ara + 3,320000.0,205000.0,13200000.0,27100000.0,0.38589233347297863,0.6693600517129928,4.903229883426805,3.728339445816258,1.1748904376105473,0.3130795008552002,1.3130795008552,0.551973571398457,2.0
4000,Ara + 3,303000.0,199000.0,9800000.0,23300000.0,0.40564328684714246,0.7015943641082685,4.76908312146179,3.5285895661345164,1.2404935553272738,0.35874099787329666,1.3587409978732965,0.5511662976013925,2.0
4500,Ara + 3,325000.0,191000.0,11000000.0,27700000.0,0.37244630696699843,0.715614973262032,5.013108506063919,3.568309763702522,1.4447987423613966,0.4088588976183616,1.4088588976183616,0.6532606916372525,2.0
5000,Ara + 3,283000.0,160000.0,10500000.0,27700000.0,0.3652777777777778,0.7255311934900542,5.226584476684415,3.701721129499584,1.5248633471848319,0.4275950398864404,1.4275950398864403,0.686595199627946,2.0
6000,Ara + 3,334000.0,174000.0,13400000.0,26100000.0,0.34535139950302407,0.66403513290748,5.010627954161874,3.6791220342321282,1.3315059199297465,0.36247277387065624,1.3624727738706564,0.6552784309858232,2.0
7000,Ara + 3,332000.0,162000.0,9100000.0,24000000.0,0.3308660498457948,0.7269244935543278,4.997894435325527,3.3105271616095564,1.687367273715971,0.5096971348975217,1.5096971348975217,0.7890829916309099,2.0
8000,Ara + 3,371000.0,182000.0,7900000.0,23700000.0,0.33189450026441036,0.75,4.865524070288339,3.064784474616806,1.8007395956715337,0.5884613830823193,1.5884613830823193,0.8185702574917182,2.0
9000,Ara + 3,298000.0,150000.0,7900000.0,24500000.0,0.33916962001549045,0.7564894225271583,5.165185973944848,3.362044402214452,1.8031415717303954,0.540501495805827,1.540501495805827,0.8024778689000294,2.0
10000,Ara + 3,337000.0,171000.0,8900000.0,25500000.0,0.3346205962059621,0.7402990628911668,5.052484803534579,3.30998558545992,1.74249921807466,0.524579612903617,1.5245796129036169,0.7932280746883728,2.0
11000,Ara + 3,369000.0,181000.0,6800000.0,22200000.0,0.33244445672598655,0.7689995706311722,4.821988178525522,2.8858600012964946,1.9361281772290273,0.6752428442828273,1.6752428442828273,0.8364235847799388,2.0
12000,Ara + 3,303000.0,107000.0,11400000.0,21800000.0,0.2906060606060606,0.6561359988326281,5.351562915562093,3.792125866027466,1.5594370495346266,0.43658098469015827,1.4365809846901583,0.8391560734454531,2.0
13000,Ara + 3,278000.0,127000.0,8600000.0,24000000.0,0.3372089354451947,0.7434371184371185,5.3081463828648845,3.533654228546372,1.7744921543185126,0.5023066590163345,1.5023066590163348,0.7980075373017719,2.0
14000,Ara + 3,326000.0,160000.0,8000000.0,24500000.0,0.32930070883315155,0.7549253618246572,5.03306609061794,3.177514292718774,1.8555517978991651,0.5892292698578343,1.5892292698578343,0.827445187149529,2.0
15000,Ara + 3,335000.0,155000.0,6700000.0,23500000.0,0.31406940816988443,0.7793065613342112,5.041297743884536,2.979125581060456,2.06217216282408,0.6962716974197134,1.6962716974197134,0.9082815515017565,2.0
16000,Ara + 3,342000.0,178000.0,7700000.0,24700000.0,0.34748170989781724,0.7624237804878049,4.933777771655032,3.1335734168839053,1.8002043547711268,0.5826105798047079,1.5826105798047077,0.7909728983267703,2.0
17000,Ara + 3,327000.0,141000.0,6900000.0,20100000.0,0.29292194892170315,0.7447802197802198,5.048623685229217,3.0927378921924356,1.9558857930367806,0.6390044533250665,1.6390044533250665,0.9368844214724525,2.0
18000,Ara + 3,342000.0,174000.0,8900000.0,28000000.0,0.3316230976250807,0.7513252724998511,5.103584983167176,3.263843682994825,1.8397413001723502,0.5623957942012403,1.5623957942012403,0.8173061971718822,2.0
19000,Ara + 3,322000.0,147000.0,7300000.0,18100000.0,0.32027363184079605,0.749608938547486,4.76481759424041,2.844467120457578,1.9203504737828314,0.7279190018185182,1.7279190018185182,0.8543563928487518,2.0
20000,Ara + 3,323000.0,168000.0,6300000.0,17200000.0,0.3398517428294504,0.7364705882352941,4.641234678162606,2.9476444705136142,1.6935902076489913,0.5760364063717638,1.5760364063717638,0.7734145872973472,2.0
22000,Ara + 3,331000.0,172000.0,6600000.0,20500000.0,0.3378715940899266,0.7709617010994322,4.81568949829698,2.909639106104035,1.9060503921929444,0.6663182318236911,1.666318231823691,0.8238476445361045,2.0
24000,Ara + 3,391000.0,174000.0,9000000.0,25200000.0,0.3062463521709341,0.7440748143917761,4.975903064903468,3.0814032999294643,1.8944997649740036,0.6261739882167043,1.6261739882167043,0.8878903141725785,2.0
26000,Ara + 3,353000.0,182000.0,7200000.0,18800000.0,0.3332411334439732,0.750625,4.705322215660285,2.7906843585633636,1.9146378570969214,0.7569748391192053,1.7569748391192053,0.8016355773757647,2.0
28000,Ara + 3,346000.0,118000.0,6100000.0,14600000.0,0.23317683881064163,0.6768518518518518,4.920462785689733,2.874913206578804,2.0455495791109293,0.710953700575879,1.710953700575879,1.145287695500108,2.0
30000,Ara + 3,386000.0,92000.0,5500000.0,11700000.0,0.19464207927980254,0.6594420278986051,4.766142254017243,2.669345716364668,2.0967965376525752,0.7901757149204249,1.790175714920425,1.2169256353323887,2.0
32000,Ara + 3,372000.0,88000.0,9200000.0,12400000.0,0.19065820655913157,0.5643375994465583,4.918420774529496,3.201054979205238,1.7173657953242585,0.5495084838354631,1.5495084838354631,1.0680297548773452,2.0
34000,Ara + 3,384000.0,61000.0,8900000.0,14700000.0,0.1417630477138001,0.6342958117151666,5.477516165173126,3.0974168218556355,2.3800993433174904,0.7705011931951703,1.7705011931951704,1.516658018366555,2.0
36000,Ara + 3,359000.0,110000.0,7700000.0,12600000.0,0.24679920402493055,0.6641001466582862,4.746453671880596,2.813210436364809,1.933243235515788,0.7385685205191531,1.738568520519153,1.0008902644206021,2.0
38000,Ara + 3,334000.0,139000.0,5600000.0,23000000.0,0.29882848761650144,0.8049326214085939,5.095990492029394,2.8224604832252895,2.273530008804104,0.8057068989385322,1.8057068989385323,0.9946127131007194,2.0
40000,Ara + 3,339000.0,103000.0,5200000.0,18100000.0,0.23631159780985567,0.7761683620816748,5.167135234314291,2.7351587798760297,2.431976454438262,0.8892313927777211,1.8892313927777211,1.1960271751546274,2.0
42000,Ara + 3,320000.0,103000.0,5200000.0,16800000.0,0.2424971098265896,0.7626613704071499,5.113076208623321,2.8006774135415062,2.312398795081814,0.8363715816296796,1.8363715816296797,1.14546350756196,2.0
44000,Ara + 3,351000.0,114000.0,4800000.0,16300000.0,0.24133450529292622,0.7728212039532794,4.995414781345638,2.582663458585441,2.4127513227601973,0.9483933558660601,1.94839335586606,1.1642456404401014,2.0
46000,Ara + 3,267000.0,66000.0,5700000.0,12600000.0,0.20535928863254024,0.6884854276158624,5.274690924122764,3.1225590459094494,2.1521318782133148,0.7010860178015634,1.7010860178015634,1.2158317854572256,2.0
48000,Ara + 3,313000.0,68000.0,6100000.0,7700000.0,0.1827328159645233,0.5558804418453541,4.738601408322786,2.9692796828477057,1.7693217254750808,0.5956874121133084,1.5956874121133084,1.161427998169481,2.0
50000,Ara + 3,345000.0,40000.0,5200000.0,5100000.0,0.10486486486486488,0.4913207547169811,4.823288569375551,2.687734212868226,2.135554356507325,0.8039602584336281,1.803960258433628,1.5362975197105058,2.0
0,Ara + 4,248500.0,270000.0,28700000.0,28450000.0,0.5247303138651553,0.49807676820100577,4.65631902492426,4.7638564407517086,-0.10753741582744891,-0.02207178881747769,0.9779282111825223,-0.049253152878545314,4.0
500,Ara + 4,232000.0,185000.0,19400000.0,20300000.0,0.4447387005649718,0.5097889651665395,4.700775438093691,4.4394097916462325,0.26136564644745874,0.0581404893507418,1.0581404893507418,0.13412814735058287,2.0
1000,Ara + 4,291000.0,200000.0,16100000.0,26200000.0,0.4081470450438391,0.6188441188441188,4.871054428587861,4.014598906081368,0.8564555225064931,0.21405811652239426,1.2140581165223943,0.4164295533765853,2.0
1500,Ara + 4,214000.0,111000.0,17600000.0,25800000.0,0.3406920336542105,0.59737791728055,5.455475201597832,4.395110284483771,1.060364917114061,0.24177749058510503,1.241777490585105,0.5634277575192135,2.0
2000,Ara + 4,216000.0,183000.0,15600000.0,23200000.0,0.45876677219960804,0.5981611394557823,4.842460265898954,4.278375325242353,0.5640849406566022,0.13277418506432287,1.132774185064323,0.26527103365851923,2.0
2500,Ara + 4,221000.0,171000.0,10500000.0,28700000.0,0.43753742807300755,0.7352281031422905,5.139205409990185,3.835509084841411,1.3036963251487745,0.3399136978612274,1.3399136978612272,0.5352213095653919,2.0
3000,Ara + 4,276000.0,129000.0,13700000.0,21800000.0,0.30910296067167475,0.5965322580645162,5.173667202093434,3.8822659416619425,1.2914012604314915,0.3334017956541603,1.3334017956541602,0.7050349761365523,2.0
3500,Ara + 4,258000.0,118000.0,11500000.0,19800000.0,0.3093916392885465,0.6059393785454238,5.161228212936432,3.7949435037927586,1.3662847091436732,0.35996666526156296,1.359966665261563,0.7570235699325062,2.0
4000,Ara + 4,285000.0,103000.0,12400000.0,15700000.0,0.28446553446553446,0.5710445468509985,5.028819116181693,3.7552290340343335,1.2735900821473596,0.33933108052579075,1.339331080525791,0.7299322771439047,2.0
4500,Ara + 4,220000.0,96000.0,6400000.0,20400000.0,0.3327749860413177,0.7421379699956061,5.274312756954856,3.454125716896306,1.8201870400585503,0.5516925129404369,1.5516925129404369,0.8588708629414419,2.0
5000,Ara + 4,270000.0,131000.0,9300000.0,20900000.0,0.327056072441415,0.6863095238095238,5.052241435313663,3.5356339849742726,1.516607450339391,0.4319022997005241,1.431902299700524,0.7521082954589999,2.0
6000,Ara + 4,227000.0,124000.0,11300000.0,21100000.0,0.35300052069773497,0.648580586080586,5.127921417665172,3.8940551045089293,1.2338663131562426,0.32183369324301964,1.3218336932430197,0.6023060233635529,2.0
7000,Ara + 4,221000.0,126000.0,7100000.0,25700000.0,0.37231491136600625,0.7791364734299517,5.308323364051267,3.5084161420922593,1.799907221959008,0.5150002230991979,1.515000223099198,0.7443228777434798,2.0
8000,Ara + 4,217000.0,118000.0,10600000.0,28000000.0,0.3576025305410122,0.7304272392105834,5.469441712640187,3.8669958338842543,1.6024458787559321,0.41519161416764966,1.4151916141676497,0.7174941035201401,2.0
9000,Ara + 4,218000.0,107000.0,7800000.0,19500000.0,0.3285454407640416,0.7214285714285714,5.192319980367979,3.5185345178312284,1.673785462536751,0.4883655891758395,1.4883655891758394,0.7884820523213576,2.0
10000,Ara + 4,192000.0,79000.0,7000000.0,21000000.0,0.3131956397016638,0.7526068288693519,5.5860448584484566,3.6206049255570147,1.9654399328914418,0.5438295223137254,1.5438295223137253,0.9231255308877748,2.0
11000,Ara + 4,258000.0,107000.0,9000000.0,19900000.0,0.30042337811166997,0.688488071284852,5.235254451550715,3.5925601922314927,1.6426942593192224,0.4628710686720441,1.462871068672044,0.8344589095741142,2.0
12000,Ara + 4,259000.0,131000.0,13900000.0,33700000.0,0.3366477272727273,0.7156432748538011,5.498911642218489,3.887447580690438,1.6114640615280507,0.41539775132516255,1.4153977513251625,0.7643106392722527,2.0
13000,Ara + 4,228000.0,91000.0,9600000.0,18300000.0,0.28734731597557056,0.6572356215213357,5.308577231663625,3.7463840085007654,1.5621932231628597,0.4169186882270781,1.4169186882270783,0.8278603102817164,2.0
14000,Ara + 4,237000.0,109000.0,7100000.0,17000000.0,0.3355993772703684,0.6955532212885154,5.0334559345743575,3.4537970008327212,1.579658933741637,0.4621952003455512,1.4621952003455512,0.780863065397767,2.0
15000,Ara + 4,248000.0,111000.0,6100000.0,17800000.0,0.3075178626902765,0.7446778711484594,5.0987969959847526,3.20041668434831,1.8983803116364422,0.5989384692048669,1.598938469204867,0.9000247541962997,2.0
16000,Ara + 4,252000.0,100000.0,9100000.0,23900000.0,0.28281653746770025,0.7272777963644474,5.498732663452588,3.5658599371657402,1.9328727262868481,0.5413858260195986,1.5413858260195985,0.9638287715062499,2.0
17000,Ara + 4,265000.0,110000.0,9300000.0,24100000.0,0.29725218284540317,0.7316622301094351,5.40172020856287,3.4937912463173992,1.907928962245471,0.5478915990858068,1.5478915990858066,0.9260742320151001,2.0
18000,Ara + 4,286000.0,110000.0,6700000.0,19100000.0,0.2776627559236255,0.7410117434507679,5.158110307336083,3.149264217254489,2.008846090081593,0.6402479724823813,1.6402479724823813,0.9814434586050729,2.0
19000,Ara + 4,296000.0,102000.0,6900000.0,21900000.0,0.2634881763220326,0.7607142857142857,5.384993809953634,3.1658604808673876,2.219133329086246,0.7060691874782576,1.7060691874782576,1.0986250436074607,2.0
20000,Ara + 4,325000.0,130000.0,8500000.0,24800000.0,0.28734762015684445,0.7473056057866185,5.2510527491374095,3.23768788038947,2.01336486874794,0.6253701578811195,1.6253701578811195,0.9570159186803586,2.0
22000,Ara + 4,269000.0,123000.0,9600000.0,27600000.0,0.3186062370498597,0.7410297316896302,5.414214727127058,3.588998858574281,1.825215868552778,0.5141336421996411,1.5141336421996412,0.8593886755833064,2.0
24000,Ara + 4,262000.0,125000.0,9000000.0,23700000.0,0.3231498797755811,0.721864406779661,5.236320024360053,3.5361131122413916,1.7002069121186616,0.4809729920339758,1.4809729920339758,0.8028712254861565,2.0
26000,Ara + 4,267000.0,134000.0,7800000.0,24600000.0,0.3344449975111996,0.7536855036855037,5.197982018816961,3.3591067371073473,1.8388752817096135,0.5520920934050375,1.5520920934050375,0.809526017612199,2.0
28000,Ara + 4,269000.0,169000.0,5200000.0,21300000.0,0.37730743413324386,0.801990391214825,4.901473161657125,2.963797946569238,1.937675215087887,0.6546372488505464,1.6546372488505465,0.7978319988908388,2.0
30000,Ara + 4,251000.0,105000.0,5300000.0,22400000.0,0.3085257091342284,0.808805129809196,5.378504320248595,3.0672826953743275,2.3112216248742676,0.7555148643286949,1.7555148643286949,1.0142922753336674,2.0
32000,Ara + 4,267000.0,124000.0,4600000.0,22400000.0,0.32445767195767194,0.8291703345070423,5.200992262707753,2.868242672368976,2.3327495903387767,0.8274743037795222,1.8274743037795222,0.9619256067630617,2.0
34000,Ara + 4,272000.0,129000.0,5700000.0,23900000.0,0.32066614214529243,0.8030121315558836,5.239433820595069,3.05976260858775,2.17967121200732,0.7099022915653699,1.7099022915653699,0.9165922965185247,2.0
36000,Ara + 4,308000.0,138000.0,6500000.0,25300000.0,0.3117002952755905,0.7937213474187761,5.208488146860802,3.0626928130199813,2.14579533384082,0.7069998157204261,1.706999815720426,0.9357201119366924,2.0
38000,Ara + 4,253000.0,130000.0,5500000.0,19400000.0,0.3396918461958004,0.7821624087591241,5.007855772887817,3.052130020626663,1.9557257522611535,0.6578078265592305,1.6578078265592304,0.8383028188708015,2.0
40000,Ara + 4,222000.0,128000.0,5200000.0,23400000.0,0.3835216668363365,0.8191257911392404,5.205121623221795,3.200651420014185,2.0044702032076103,0.6648468733992221,1.664846873399222,0.788185859931901,2.0
42000,Ara + 4,249000.0,114000.0,6300000.0,23800000.0,0.32317568411845554,0.7908609271523179,5.339509307276828,3.2326179746322623,2.1068913326445653,0.6517273201791614,1.6517273201791614,0.9073146115766145,2.0
44000,Ara + 4,260000.0,81000.0,4500000.0,17600000.0,0.23167293233082706,0.7934690415606447,5.418726897784502,2.845679977328822,2.5730469204556807,0.9067074720175343,1.9067074720175343,1.2588669829836625,2.0
46000,Ara + 4,203000.0,93000.0,6600000.0,15700000.0,0.3143633292243072,0.7030920305145268,5.125760305779208,3.4807627826676466,1.6449975231115619,0.47238124851921187,1.4723812485192118,0.8082087853659568,2.0
48000,Ara + 4,236000.0,105000.0,5500000.0,16700000.0,0.30869219052893937,0.7515482398956975,5.067299636749757,3.1528702546660687,1.9144293820836888,0.6083495778196351,1.6083495778196348,0.890182470436794,2.0
50000,Ara + 4,234000.0,97000.0,6100000.0,20200000.0,0.3045321974057871,0.7816255534471854,5.3109962509593736,3.1767355696873807,2.134260681271993,0.6756031986118665,1.6756031986118665,0.9556671507509618,2.0
0,Ara + 5,344500.0,372500.0,31550000.0,32950000.0,0.5184638425629347,0.5107334672536932,4.480218794038714,4.511182916059887,-0.030964122021173823,-0.007070564451756238,0.9929294355482436,-0.014044049274403225,4.0
500,Ara + 5,342000.0,328000.0,22700000.0,35600000.0,0.4858698798668404,0.6124574226511497,4.703710080150572,4.187969876348902,0.5157402038016694,0.12330476115075495,1.123304761150755,0.23256334518217667,2.0
1000,Ara + 5,332000.0,276000.0,16500000.0,33800000.0,0.4572945220380281,0.6696062549590056,4.782294815445265,3.902710630509293,0.8795841849359727,0.2250759379273798,1.2250759379273797,0.38636059254422794,2.0
1500,Ara + 5,377000.0,258000.0,16700000.0,34700000.0,0.40634486042497475,0.6763289049126687,4.902473762351276,3.7746575453757947,1.1278162169754813,0.30607452145050545,1.3060745214505054,0.5089766690371388,2.0
2000,Ara + 5,361000.0,225000.0,15800000.0,32200000.0,0.38423402255639094,0.6709509335649153,4.967122371020142,3.782887864012735,1.1842345070074078,0.31307356558966193,1.313073565589662,0.5574389749753434,2.0
2500,Ara + 5,329000.0,229000.0,13700000.0,38900000.0,0.4107142857142857,0.7471091445427729,5.133385812019691,3.6685264312292,1.4648593807904908,0.41456799356778673,1.4145679935677868,0.5958213243098545,2.0
3000,Ara + 5,421000.0,227000.0,14800000.0,38600000.0,0.3503505696757231,0.7210004373033898,5.130189932076571,3.559796559186832,1.5703933728897392,0.4415415893723107,1.4415415893723107,0.7213089333502387,2.0
3500,Ara + 5,343000.0,238000.0,12500000.0,37000000.0,0.41007710557532623,0.7474532275443236,5.046344077724566,3.5972580584572986,1.4490860192672672,0.4030351858236023,1.4030351858236023,0.6008502475329125,2.0
4000,Ara + 5,404000.0,207000.0,16200000.0,38700000.0,0.3399607186554189,0.7047300525561395,5.230347720701506,3.688694303213839,1.5416534174876666,0.41803894730555247,1.4180389473055524,0.731353200160981,2.0
4500,Ara + 5,344000.0,225000.0,14900000.0,34800000.0,0.39542361474613025,0.6992947905495435,5.0423994906916345,3.7727978043185884,1.2696016863730466,0.3362293157637485,1.3362293157637484,0.5698679794862367,2.0
5000,Ara + 5,357000.0,184000.0,12300000.0,33300000.0,0.3401763740771124,0.7303649803649803,5.1982150050815505,3.539109723592812,1.6591052814887386,0.46913312948304753,1.4691331294830474,0.7641109163301548,2.0
6000,Ara + 5,346000.0,209000.0,10400000.0,35200000.0,0.37392572529819257,0.7701612903225806,5.137689108180442,3.4035401397218465,1.7341489684585953,0.5103783141669085,1.5103783141669083,0.7314894264822236,2.0
7000,Ara + 5,336000.0,224000.0,11500000.0,30800000.0,0.403331793213204,0.7276358548474453,4.918556241795628,3.5411159257043017,1.377440316091326,0.39336771582467345,1.3933677158246733,0.5955739570993099,2.0
8000,Ara + 5,336000.0,172000.0,9600000.0,34300000.0,0.33604551476891903,0.780120607194843,5.30774541809945,3.34920640991911,1.95853900818034,0.5866393806544258,1.5866393806544257,0.8466891196400634,2.0
9000,Ara + 5,313000.0,175000.0,12300000.0,36200000.0,0.36084701815038894,0.7473263402466942,5.33119899706477,3.672313152413918,1.6588858446508523,0.4517512888524442,1.4517512888524442,0.7300529605497681,2.0
10000,Ara + 5,361000.0,203000.0,11000000.0,33300000.0,0.35998490945674044,0.7562329771632097,5.091808451504489,3.3783147889783316,1.713493662526158,0.5160786909815022,1.5160786909815023,0.7418624811816549,2.0
11000,Ara + 5,327000.0,186000.0,10200000.0,29600000.0,0.36205533596837947,0.7429655870445344,5.074539471877364,3.4410437661167794,1.6334957057605848,0.4762764198551801,1.47627641985518,0.7241237698298947,2.0
12000,Ara + 5,342000.0,187000.0,10400000.0,31500000.0,0.3526416659515432,0.752603928734582,5.133847515589613,3.4084764978085014,1.725371017781112,0.5101260334147344,1.5101260334147344,0.7627503469637537,2.0
13000,Ara + 5,329000.0,156000.0,10600000.0,32600000.0,0.32276875404365446,0.754802744425386,5.344251543043888,3.4743258405162343,1.8699257025276537,0.5384450484764451,1.5384450484764451,0.8543614737883525,2.0
14000,Ara + 5,339000.0,184000.0,9500000.0,36500000.0,0.3517231795441912,0.7944125938960473,5.290629949759157,3.31681308646753,1.9738168632916269,0.6000380740130413,1.6000380740130413,0.8141300043118997,2.0
15000,Ara + 5,352000.0,171000.0,9700000.0,34500000.0,0.3324461006121906,0.7792270531400967,5.304384657575868,3.332579799918534,1.9718048576573335,0.5945175457239167,1.594517545723917,0.8639362196180795,2.0
16000,Ara + 5,327000.0,160000.0,10000000.0,30700000.0,0.327789029535865,0.7538770053475936,5.259330180114393,3.4186938669486784,1.8406363131657149,0.5378965203815869,1.5378965203815869,0.8365524420215168,2.0
17000,Ara + 5,337000.0,203000.0,8000000.0,31100000.0,0.37595165914484424,0.803921568627451,5.017130144598461,3.0800472741000373,1.9370828704984242,0.6499269291056102,1.6499269291056102,0.7590207613191851,2.0
18000,Ara + 5,357000.0,149000.0,12800000.0,34200000.0,0.2954019754938735,0.7287865335483521,5.445450619300302,3.565354535486925,1.8800960838133765,0.5277284816046893,1.5277284816046892,0.9142151303330633,2.0
19000,Ara + 5,359000.0,166000.0,8900000.0,25800000.0,0.3164488017429194,0.7425307852768992,5.038390358757951,3.208255177960171,1.8301351807977801,0.5702063156689892,1.5702063156689892,0.8532415291890025,2.0
20000,Ara + 5,323000.0,173000.0,10600000.0,29000000.0,0.3491770183807369,0.7351851851851852,5.120609581535787,3.470328357588263,1.6502812239475233,0.47804356571025264,1.4780435657102526,0.7440915846738724,2.0
22000,Ara + 5,405000.0,199000.0,7400000.0,28300000.0,0.3308374015921186,0.7926928876602162,4.957122063862496,2.90917350551597,2.0479485583465253,0.7052371543665996,1.7052371543665996,0.8768597986210362,2.0
24000,Ara + 5,333000.0,162000.0,9000000.0,28900000.0,0.3271108136345827,0.7793449781659388,5.209666105278556,3.1363950269024636,2.073271078376092,0.6825230670240812,1.6825230670240812,0.8937258118616961,2.0
26000,Ara + 5,368000.0,168000.0,6500000.0,29300000.0,0.3134303418505883,0.8215917745620716,5.156527397630051,2.8361064541192196,2.3204209435108316,0.8320011806258152,1.8320011806258152,0.9632196827495505,2.0
28000,Ara + 5,346000.0,142000.0,8800000.0,23900000.0,0.29087091626774164,0.7329767655854612,5.121066167946303,3.215300364380104,1.9057658035661993,0.5933431190674279,1.5933431190674279,0.9285554587924262,2.0
30000,Ara + 5,354000.0,139000.0,8300000.0,24100000.0,0.2787171673677586,0.7430555555555556,5.121068034289968,3.0990447208101264,2.022023313479842,0.653175303815923,1.6531753038159231,0.9914161940292354,2.0
32000,Ara + 5,358000.0,152000.0,9600000.0,29400000.0,0.2980392156862745,0.7538461538461538,5.264869432480497,3.288985391055227,1.9758840414252696,0.6007579257721585,1.6007579257721585,0.9279632330870846,2.0
34000,Ara + 5,337000.0,151000.0,6200000.0,27900000.0,0.3094083985525541,0.8185080928923294,5.209261854419231,2.90003374421558,2.309228110203651,0.7978333922791025,1.7978333922791023,0.9728184669676572,2.0
36000,Ara + 5,385000.0,150000.0,9700000.0,24400000.0,0.28032589859690316,0.7121029005524862,5.0862738514120185,3.218145838527164,1.8681280128848547,0.5886667645470518,1.5886667645470518,0.9333860616296544,2.0
38000,Ara + 5,364000.0,144000.0,7100000.0,21700000.0,0.28396918163920193,0.7533879913190258,5.02472801754562,2.9723602678748744,2.0523677496707453,0.6910349872776971,1.691034987277697,0.9870331572307892,2.0
40000,Ara + 5,384000.0,157000.0,8500000.0,21600000.0,0.28935280405868646,0.7179441893323915,4.929413390854354,3.0893993228627403,1.8400140679916133,0.5984894402924485,1.5984894402924485,0.9089574694595338,2.0
42000,Ara + 5,392000.0,271000.0,5700000.0,18200000.0,0.37932900432900435,0.7590811965811965,4.369318753488743,2.6760414250404883,1.6932773284482554,0.6396072472723391,1.639607247272339,0.7717709887288411,2.0
44000,Ara + 5,318000.0,156000.0,8500000.0,22900000.0,0.3290652324898046,0.7270955165692008,4.981281493682867,3.26022074084566,1.7210607528372075,0.5376621942604635,1.5376621942604634,0.7882905731836231,2.0
46000,Ara + 5,355000.0,160000.0,10800000.0,24600000.0,0.31019105396595437,0.6949233716475096,5.039038547536125,3.4150160939474308,1.6240224535886945,0.4754445607462502,1.4754445607462503,0.808563307634714,2.0
48000,Ara + 5,335000.0,151000.0,6600000.0,25300000.0,0.3117017663043478,0.796551724137931,5.120355693168326,2.945307093464021,2.175048599704306,0.7633756990638556,1.7633756990638556,0.9389193630640623,2.0
50000,Ara + 5,332000.0,111000.0,9500000.0,28000000.0,0.24874485596707818,0.7477044476327116,5.5422019733840235,3.3470801662695253,2.1951218071144982,0.6576455603907598,1.6576455603907598,1.1033169842458896,2.0
0,Ara + 6,240500.0,313000.0,27700000.0,29700000.0,0.5658099851538344,0.5185500757888334,4.534732835968734,4.7253828775921605,-0.1906500416234267,-0.03880274493268277,0.9611972550673172,-0.09276906195155854,4.0
500,Ara + 6,271250.0,247000.0,14500000.0,25050000.0,0.47698285841754995,0.6327596153846153,4.572265974936931,3.935911725196333,0.6363542497405974,0.16372997981130508,1.163729979811305,0.28318820678341894,4.0
1000,Ara + 6,254750.0,241000.0,14100000.0,26150000.0,0.48576371391280626,0.6502172475984581,4.678076414111662,3.9990875598127356,0.6789888542989264,0.16989389396284385,1.1698938939628438,0.2920756851629121,4.0
1500,Ara + 6,254000.0,228000.0,14700000.0,28500000.0,0.4732588135221407,0.6614058506218771,4.824910855644802,4.045685841880536,0.7792250137642659,0.19466370981858194,1.194663709818582,0.33521655511102044,4.0
2000,Ara + 6,259250.0,216000.0,12200000.0,21900000.0,0.4541375273812549,0.6493495882979015,4.5747105055239015,3.770739500167779,0.8039710053561219,0.21944675821037096,1.219446758210371,0.35625863559159976,4.0
2500,Ara + 6,272750.0,209500.0,12300000.0,30500000.0,0.4337947227844744,0.7174545163610511,4.965970950147909,3.761067404657993,1.204903545489916,0.32577042302143683,1.3257704230214369,0.5032985090017676,4.0
3000,Ara + 6,245750.0,204000.0,12850000.0,26350000.0,0.4504266160556763,0.6791255674740153,4.840620960035418,3.8786050806632577,0.9620158793721598,0.25720521905796406,1.2572052190579641,0.4080121634633226,4.0
3500,Ara + 6,310750.0,204500.0,11600000.0,21400000.0,0.3967503845294339,0.6491294199861681,4.650894038254266,3.6098792225284795,1.0410148157257857,0.2896070356729856,1.2896070356729856,0.493147697214111,4.0
4000,Ara + 6,258750.0,182000.0,8750000.0,21150000.0,0.41458708642437614,0.7064791775103338,4.740160814658912,3.503455470938568,1.2367053437203435,0.35805879728386186,1.3580587972838618,0.5337327090762435,4.0
0,Ara - 1,305500.0,319500.0,29700000.0,30800000.0,0.5095721891203374,0.5075932594074617,4.575459244847924,4.583404263857206,-0.007945019009282017,-0.0008871965849385596,0.9991128034150614,-0.0038257238196444665,4.0
500,Ara - 1,250000.0,247000.0,20200000.0,25900000.0,0.5014207811832725,0.5635572139303483,4.6481390822575595,4.398049370238768,0.2500897120187906,0.06101276499431834,1.0610127649943184,0.1193220484857348,2.0
1000,Ara - 1,269000.0,256000.0,24900000.0,31700000.0,0.4863584773878121,0.5741802849360989,4.81863069237977,4.459575571591898,0.35905512078787094,0.08796350399249733,1.0879635039924973,0.16072786785976811,2.0
1500,Ara - 1,296000.0,252000.0,19700000.0,28300000.0,0.45521671182989953,0.5836476010894616,4.746649778735765,4.21992744243471,0.5267223363010554,0.1309669245696415,1.1309669245696417,0.2399759533536937,2.0
2000,Ara - 1,284000.0,171000.0,21000000.0,38000000.0,0.37564102564102564,0.6440677966101694,5.267226779478006,4.17153420091323,1.0956925785647753,0.2626593780113098,1.2626593780113098,0.5357628681656221,2.0
2500,Ara - 1,306000.0,207000.0,12000000.0,30800000.0,0.3990814772510946,0.719626168224299,4.774588337946138,3.512128942369437,1.2624593955767014,0.35945701774975003,1.35945701774975,0.5367834138339407,2.0
3000,Ara - 1,312000.0,215000.0,16800000.0,28800000.0,0.40577622581114503,0.631578947368421,4.7547019199590554,3.9239991964748615,0.8307027234841939,0.211697985114385,1.211697985114385,0.39006702799704257,2.0
3500,Ara - 1,273000.0,157000.0,19400000.0,37000000.0,0.3624866093876391,0.6560283687943262,5.303737434017376,4.2031474220708995,1.1005900119464762,0.2618490148994615,1.2618490148994614,0.5247203182263022,2.0
4000,Ara - 1,310000.0,204000.0,14000000.0,31600000.0,0.3967266230620155,0.6965277106103105,5.048621527157766,3.785496249236405,1.263125277921361,0.3440792574734938,1.3440792574734939,0.5659616838598678,2.0
4500,Ara - 1,250000.0,142000.0,15000000.0,28300000.0,0.3583837379512249,0.6590889464594127,5.335621390135734,4.085069422732244,1.2505519674034904,0.31495131614346034,1.3149513161434605,0.6072905226672081,2.0
5000,Ara - 1,320000.0,184000.0,16500000.0,32600000.0,0.36138188305895713,0.6658638621287376,5.203585345429756,3.9407260666960413,1.2628592787337154,0.32286541984967093,1.322865419849671,0.6120367099363124,2.0
6000,Ara - 1,303000.0,192000.0,14400000.0,36400000.0,0.3925147182506308,0.717369360975231,5.2501478062648435,3.8785954196446104,1.3715523866202335,0.3607897356794355,1.3607897356794356,0.605027436672831,2.0
7000,Ara - 1,301000.0,180000.0,16500000.0,31500000.0,0.36929390997352163,0.6562700741332315,5.192772252220932,4.007879485919806,1.184892766301126,0.29500461686548135,1.2950046168654814,0.579295456749834,2.0
8000,Ara - 1,269000.0,164000.0,9300000.0,30900000.0,0.3759590235396687,0.7689511426515472,5.257167395013882,3.546902352945053,1.7102650420688283,0.48284989303233217,1.4828498930323322,0.7168237138860956,2.0
9000,Ara - 1,366000.0,204000.0,10200000.0,26000000.0,0.35591689250225833,0.7268608201727025,4.838028274706157,3.259427593874334,1.5786006808318231,0.4937763598103365,1.4937763598103366,0.713860048692415,2.0
10000,Ara - 1,279000.0,193000.0,12500000.0,31600000.0,0.4120766918146236,0.7159933283914011,5.115319767642777,3.8335408350685567,1.281778932574221,0.3351990156294581,1.335199015629458,0.5527871047996797,2.0
11000,Ara - 1,326000.0,203000.0,12500000.0,28600000.0,0.3825089605734767,0.6990004759638268,4.95439162005542,3.6228662033913848,1.3315254166640342,0.37125591492507604,1.371255914925076,0.6026072967096383,2.0
12000,Ara - 1,324000.0,184000.0,12300000.0,31700000.0,0.3621900730334465,0.7198247354497355,5.147173454031551,3.631165793131974,1.516007660899577,0.4189090403850389,1.418909040385039,0.68568151735598,2.0
13000,Ara - 1,295000.0,183000.0,11200000.0,31600000.0,0.3815491362220334,0.737383689107827,5.157953339563194,3.640138115685474,1.5178152238777198,0.4176209756164065,1.4176209756164064,0.6590925220360822,2.0
14000,Ara - 1,290000.0,174000.0,14300000.0,30400000.0,0.3751396024123297,0.6794987922705313,5.160066654916939,3.8981009923425596,1.2619656625743791,0.32373633326823226,1.3237363332682324,0.5940251646396495,2.0
15000,Ara - 1,291000.0,166000.0,11100000.0,31900000.0,0.35891741980528297,0.7376137955182073,5.269514105134261,3.6416918447625415,1.6278222603717192,0.4475853078925333,1.4475853078925334,0.7247310193267036,2.0
16000,Ara - 1,271000.0,164000.0,12100000.0,28700000.0,0.3795331790123457,0.7046897546897547,5.166156519181361,3.7951275594164287,1.3710289597649323,0.3708110583708197,1.3708110583708197,0.6185774601714327,2.0
17000,Ara - 1,291000.0,132000.0,12300000.0,26800000.0,0.3082991941655787,0.6864973262032086,5.339844745619801,3.736687009556847,1.6031577360629536,0.43185996916102776,1.4318599691610276,0.8108503355910917,2.0
18000,Ara - 1,342000.0,192000.0,9000000.0,31700000.0,0.36115162930338607,0.7783094098883572,5.106494727565542,3.275540167521702,1.83095456004384,0.5588855992252727,1.5588855992252726,0.7685086715016387,2.0
19000,Ara - 1,292000.0,164000.0,10100000.0,28000000.0,0.3631336941970782,0.7351657458563536,5.139248515583197,3.5526132376211104,1.5866352779620867,0.44774973505304694,1.4477497350530468,0.7107569755532127,2.0
20000,Ara - 1,281000.0,171000.0,10200000.0,29800000.0,0.3788312579664673,0.7418991265145112,5.143923429501884,3.5905364651934413,1.5533869643084421,0.4327449455233926,1.4327449455233925,0.6723364646336678,2.0
22000,Ara - 1,316000.0,163000.0,11600000.0,37800000.0,0.3395291201982652,0.7668955607906036,5.448909849901062,3.591234030318022,1.8576758195830394,0.5220800002747932,1.5220800002747932,0.814825701551039,2.0
24000,Ara - 1,297000.0,193000.0,8200000.0,31400000.0,0.39339163742987404,0.7959470869687588,5.101674358763324,3.2730003329216615,1.8286740258416618,0.5837119371727623,1.5837119371727622,0.702437574313915,2.0
26000,Ara - 1,319000.0,168000.0,11300000.0,32300000.0,0.343932403620985,0.7440232240437159,5.276262741715794,3.5584986122303013,1.7177641294854917,0.49285793895457053,1.4928579389545706,0.7711076164706938,2.0
28000,Ara - 1,352000.0,177000.0,8000000.0,27900000.0,0.340013179966451,0.779760771622565,5.062376682465079,3.1298592028166117,1.932517479648467,0.6435360893401412,1.6435360893401412,0.8325390528016459,2.0
30000,Ara - 1,329000.0,167000.0,10500000.0,23700000.0,0.33657707754093297,0.6932098765432099,4.95820845474519,3.461626885646166,1.4965815690990236,0.4321131448316401,1.4321131448316402,0.7261822922421434,2.0
32000,Ara - 1,340000.0,94000.0,6900000.0,17000000.0,0.2181154314265582,0.7151645106861642,5.19762334551519,2.9759296462578115,2.2216936992573784,0.7779402414006069,1.777940241400607,1.188281861462643,2.0
34000,Ara - 1,316000.0,122000.0,7700000.0,24100000.0,0.27829804984878503,0.763884430176565,5.286643684549541,3.1375362383340284,2.149107446215513,0.7004738710393597,1.7004738710393597,1.0086654119046456,2.0
36000,Ara - 1,290000.0,97000.0,6600000.0,26700000.0,0.24223719676549865,0.8007947976878613,5.72456722989372,3.121008680364536,2.6035585495291835,0.8428594817008412,1.8428594817008412,1.2658504633375887,2.0
38000,Ara - 1,346000.0,122000.0,6900000.0,22900000.0,0.2585473626070146,0.7720208438085661,5.2479465816472715,2.963200336021522,2.2847462456257492,0.7811053550842038,1.7811053550842038,1.0974586832841517,2.0
40000,Ara - 1,326000.0,115000.0,7400000.0,24800000.0,0.2665343915343915,0.7703875968992249,5.371619103643974,3.138691734470691,2.232927369173284,0.7235620802348772,1.7235620802348772,1.0729720834865615,2.0
42000,Ara - 1,321000.0,68000.0,8200000.0,16500000.0,0.17892316017316018,0.6451321681352016,5.4015149059804255,3.2528496895145445,2.148665216465881,0.6616392011610277,1.6616392011610277,1.2872646522511593,2.0
44000,Ara - 1,316000.0,108000.0,9600000.0,19300000.0,0.24975686984055184,0.6747899159663866,5.218727352431907,3.3722151114394188,1.846512240992488,0.5535211721896325,1.5535211721896327,1.0045058898678372,2.0
46000,Ara - 1,295000.0,99000.0,7200000.0,19800000.0,0.24282708744247206,0.7334652812139205,5.372725671072553,3.195393782906608,2.177331888165945,0.6811035063110089,1.681103506311009,1.1362688962782885,2.0
48000,Ara - 1,268000.0,54000.0,7000000.0,17600000.0,0.16956521739130434,0.7131509267431597,5.860611254083722,3.3598302551384314,2.5007809989452903,0.7650154661167219,1.7650154661167219,1.4365882018369769,2.0
50000,Ara - 1,329000.0,83000.0,6300000.0,12000000.0,0.2002064726783828,0.5929144385026738,4.751182371840963,2.9538619094932375,1.7973204623477264,0.594220370905289,1.5942203709052891,1.0572507410224172,2.0
0,Ara - 2,286000.0,295500.0,30100000.0,27900000.0,0.5056463705318226,0.4801073544986265,4.549624616442553,4.651892842490644,-0.1022682260480916,-0.02094077140213652,0.9790592285978634,-0.0497152462329605,4.0
500,Ara - 2,283000.0,217000.0,19200000.0,21700000.0,0.4317171717171717,0.5431362116144725,4.606559558191567,4.1561515402056886,0.45040801798587826,0.11427007846101515,1.1142700784610153,0.2262023741504427,2.0
1000,Ara - 2,293000.0,229000.0,16700000.0,27800000.0,0.43307593307593306,0.6274056254626202,4.847551683583202,4.055715519448875,0.7918361641343268,0.19466789289382946,1.1946678928938295,0.3712666119069989,2.0
1500,Ara - 2,284000.0,177000.0,16600000.0,29200000.0,0.37884539343614076,0.6387551086977378,5.144137878737502,4.077922567884103,1.066215310853399,0.26233514215206866,1.2623351421520685,0.5240002178093669,2.0
2000,Ara - 2,254000.0,203000.0,14300000.0,28300000.0,0.4472700074794316,0.6685909090909091,4.935465481783634,4.019553727071025,0.9159117547126088,0.22801040845122708,1.228010408451227,0.40220770775950754,2.0
2500,Ara - 2,266000.0,190000.0,10500000.0,19700000.0,0.42795698924731185,0.6487477638640429,4.626200180551773,3.715985956359379,0.9102142241923945,0.2518830877963273,1.2518830877963274,0.4255998472849519,2.0
3000,Ara - 2,226000.0,176000.0,10800000.0,27100000.0,0.4371657754010695,0.7165665862281834,5.041332226325306,3.857592658308128,1.1837395680171774,0.30649046343260766,1.3064904634326076,0.4987716709629099,2.0
3500,Ara - 2,324000.0,163000.0,11200000.0,25400000.0,0.33569596443228455,0.6940719725250112,5.053006540978528,3.5507606929336437,1.502245848044884,0.42339555400289697,1.423395554002897,0.7266299740301911,2.0
4000,Ara - 2,284000.0,154000.0,11100000.0,24000000.0,0.34827731092436975,0.6807462686567165,5.052648575197405,3.662825130028534,1.389823445168871,0.3798112325859281,1.379811232585928,0.6758023082414031,2.0
4500,Ara - 2,278000.0,147000.0,12500000.0,23000000.0,0.3447339246119734,0.6465400271370421,5.050193041038428,3.800528875551149,1.2496641654872789,0.3299562980714434,1.3299562980714432,0.6332128625593689,2.0
5000,Ara - 2,302000.0,155000.0,11900000.0,24100000.0,0.3386665365091761,0.6669143300167981,5.030930513567494,3.6668975162161788,1.364032997351316,0.3719153500121596,1.3719153500121597,0.677541947260986,2.0
6000,Ara - 2,287000.0,165000.0,11300000.0,21500000.0,0.3697123519458545,0.6547271239920534,4.845838301428225,3.6692690975372955,1.176569203890929,0.32041315928453173,1.3204131592845316,0.5763431378452587,2.0
7000,Ara - 2,226000.0,152000.0,9600000.0,25000000.0,0.4078527467517666,0.7338477044451395,5.095844620242071,3.6849321326436533,1.410912487598418,0.3860129013340754,1.3860129013340754,0.5899992924789741,2.0
8000,Ara - 2,290000.0,154000.0,11700000.0,20800000.0,0.34525181040158,0.6439278937381404,4.9142907213306435,3.6606982891872395,1.253592432143404,0.35554659292697394,1.3555465929269739,0.6152804610555478,2.0
9000,Ara - 2,306000.0,135000.0,8200000.0,18700000.0,0.30312855278116974,0.6997698956111797,4.952203757901241,3.265409466210645,1.686794291690596,0.5204893769271772,1.5204893769271772,0.8372727832094171,2.0
10000,Ara - 2,313000.0,126000.0,8500000.0,18300000.0,0.29642857142857143,0.6829015236853027,4.948323010359706,3.306584514635123,1.6417384957245829,0.496917996807449,1.496917996807449,0.8469631982775222,2.0
11000,Ara - 2,268000.0,135000.0,8000000.0,20000000.0,0.33432706580900545,0.7125109091842496,4.996783992821587,3.397576151683648,1.59920784113794,0.4711019437299841,1.471101943729984,0.7566076817240042,2.0
12000,Ara - 2,354000.0,196000.0,9200000.0,24600000.0,0.35598362105320436,0.7284028434359351,4.8460418652512205,3.251751513649591,1.5942903516016296,0.4911610521745277,1.4911610521745278,0.7136245581455494,2.0
13000,Ara - 2,262000.0,139000.0,8400000.0,24400000.0,0.3490750488795308,0.7438502474786945,5.167352578373354,3.4758509161077216,1.6915016622656325,0.48906829203989116,1.4890682920398912,0.7597715416288646,2.0
14000,Ara - 2,297000.0,178000.0,7900000.0,23100000.0,0.36854962979667005,0.74274230496897,4.902466201358527,3.238910890073086,1.6635553112854404,0.5239690494241928,1.5239690494241929,0.6952423951551105,2.0
15000,Ara - 2,290000.0,116000.0,8400000.0,21400000.0,0.2875346124629371,0.7183783783783784,5.21705790179915,3.3635615170374153,1.853496384761734,0.5512384304624975,1.5512384304624978,0.9162928940316423,2.0
16000,Ara - 2,267000.0,119000.0,7800000.0,19800000.0,0.3066782355575459,0.7210833377937163,5.13561189314999,3.365851667600889,1.7697602255491014,0.526507888802423,1.5265078888024233,0.8546020449719496,2.0
17000,Ara - 2,307000.0,149000.0,8100000.0,22100000.0,0.32403143855192124,0.7327010888654725,5.024524211008831,3.27532282346264,1.7492013875461918,0.5402235131722763,1.5402235131722763,0.8163371822122069,2.0
18000,Ara - 2,343000.0,160000.0,6500000.0,25300000.0,0.3176996502239221,0.7949905033238367,5.0795197517712225,2.948217603508119,2.131302148263104,0.738492609908588,1.738492609908588,0.9164275483383111,2.0
19000,Ara - 2,283000.0,123000.0,6900000.0,25100000.0,0.3024718337218337,0.7846177944862156,5.321492563916632,3.191203619720352,2.1302889441962796,0.6674256993184442,1.6674256993184442,0.9553026830017001,2.0
20000,Ara - 2,304000.0,164000.0,6500000.0,28000000.0,0.3448592353943844,0.8060431554846319,5.150508161207957,3.067982485551539,2.0825256756564174,0.6798228882045287,1.6798228882045287,0.8534827317071861,2.0
22000,Ara - 2,249000.0,136000.0,6800000.0,26200000.0,0.35334358808290156,0.7938712522045855,5.265924229068545,3.309042781912189,1.9568814471563554,0.5925981793724455,1.5925981793724455,0.8150666662289654,2.0
24000,Ara - 2,303000.0,108000.0,7200000.0,18500000.0,0.27227935900502276,0.7144522144522144,5.162017217600807,3.193183223903886,1.968833993696921,0.6229830586824722,1.622983058682472,1.0277709044608199,2.0
26000,Ara - 2,296000.0,130000.0,6400000.0,19900000.0,0.28412236987818384,0.7479031871555235,5.159501498248897,3.0764635247636396,2.0830379734852573,0.6754802957828356,1.6754802957828356,1.031450673567522,2.0
28000,Ara - 2,251000.0,77000.0,7000000.0,13100000.0,0.2351824274013403,0.6574036511156187,5.131698064520963,3.295350564109013,1.8363475004119496,0.5614793230472224,1.5614793230472226,1.027603889773145,2.0
30000,Ara - 2,306000.0,10000.0,9000000.0,5700000.0,0.03165698256862352,0.3827183734939759,6.318927530977856,3.3793598499108244,2.9395676810670306,0.8693246758070561,1.8693246758070559,2.487310240363484,2.0
0,Ara - 3,269500.0,245500.0,27850000.0,26050000.0,0.4809528171495242,0.48421877020399473,4.647138010799736,4.634664801096356,0.012473209703379728,0.007610073062035455,1.0076100730620354,0.002171177550119696,4.0
500,Ara - 3,224000.0,136000.0,19800000.0,22800000.0,0.3894855850763143,0.535017652250662,5.161541665275823,4.5696167212907755,0.5919249439850471,0.13374299377039758,1.1337429937703976,0.3209988299165434,2.0
1000,Ara - 3,188000.0,164000.0,13600000.0,19900000.0,0.4914694551458448,0.6012579988365329,4.819044192186741,4.3687169915362425,0.4503272006504986,0.1043944934380523,1.1043944934380523,0.2093267771365255,2.0
1500,Ara - 3,266000.0,176000.0,11400000.0,18300000.0,0.4037472943722944,0.6208893006021305,4.675216847276451,3.789119572818917,0.8860972744575337,0.23356752160305033,1.2335675216030504,0.43001044080872,2.0
2000,Ara - 3,198000.0,142000.0,10200000.0,21700000.0,0.4635854341736695,0.6834188709040663,5.043720714813615,4.110864489261201,0.932856225552414,0.23556772486730426,1.2355677248673045,0.41729990080553536,2.0
2500,Ara - 3,224000.0,169000.0,10700000.0,21600000.0,0.43511266094420603,0.6670862303204668,4.83512348343147,3.8780318754376317,0.9570916079938383,0.24741376092512557,1.2474137609251255,0.4292241501306423,2.0
3000,Ara - 3,242000.0,132000.0,14800000.0,21900000.0,0.3516666666666667,0.5956867671691792,5.113295146246453,4.112836171328645,1.0004589749178079,0.2426399392723379,1.2426399392723377,0.5281768910757692,2.0
3500,Ara - 3,238000.0,105000.0,10600000.0,21200000.0,0.30657867812563944,0.675242972940275,5.307090705420588,3.7443186323553634,1.562772073065225,0.4241614280406699,1.4241614280406698,0.7857282241346263,2.0
4000,Ara - 3,246000.0,143000.0,13900000.0,23000000.0,0.381175805539853,0.6199716880972042,5.076474206083856,4.090062946891857,0.9864112591919991,0.2421893737480676,1.2421893737480674,0.49255187708850434,2.0
4500,Ara - 3,208000.0,151000.0,9100000.0,26800000.0,0.4554637281910009,0.7463354273748335,5.177378428317581,3.9120230054281464,1.2653554228894353,0.3527711118778664,1.3527711118778663,0.5186070277157029,2.0
5000,Ara - 3,251000.0,148000.0,11500000.0,19900000.0,0.3716004184100419,0.6316550572324738,4.912763005533208,3.845389741907018,1.0673732636261901,0.28105738768968896,1.281057387689689,0.5291983035300398,2.0
6000,Ara - 3,211000.0,143000.0,9800000.0,26500000.0,0.41557112629643767,0.7317847593582888,5.239000972510809,3.871099293297599,1.3679016792132095,0.35269509491552187,1.3526950949155219,0.5676030325463448,2.0
7000,Ara - 3,206000.0,136000.0,8600000.0,22200000.0,0.39124441132637855,0.7207321187584346,5.155777038315248,3.7645613885739757,1.391215649741273,0.36990834196000144,1.3699083419600013,0.6125628838220596,2.0
8000,Ara - 3,194000.0,108000.0,8200000.0,21400000.0,0.3748090874379534,0.722972972972973,5.297313569239741,3.8169395707021634,1.4803739985375768,0.39548781460486226,1.3954878146048624,0.6699258025813075,2.0
9000,Ara - 3,206000.0,154000.0,7600000.0,21900000.0,0.44050913115661317,0.7253927222111751,4.896737380847019,3.6607943183804093,1.2359430624666097,0.35096859963341437,1.3509685996334144,0.5032501135372219,2.0
10000,Ara - 3,270000.0,150000.0,5600000.0,17000000.0,0.3580044980576569,0.7509687419271506,4.6813047918518675,2.992272052131704,1.6890327397201634,0.5648191148289348,1.5648191148289348,0.7423827051786858,2.0
11000,Ara - 3,278000.0,164000.0,12400000.0,25900000.0,0.374180660465697,0.6767304860088366,5.063091587755691,3.803316567125534,1.259775020630157,0.3390019737570554,1.3390019737570555,0.5931903573909107,2.0
12000,Ara - 3,268000.0,136000.0,8800000.0,28200000.0,0.3378732849071832,0.7622428705002338,5.345253549065386,3.5054923207855833,1.8397612282798026,0.5249110091357583,1.5249110091357583,0.8136400396306351,2.0
13000,Ara - 3,198000.0,131000.0,9100000.0,27200000.0,0.42872807017543857,0.7522435897435897,5.335560710703282,3.9104311543541836,1.425129556349099,0.36995157869506445,1.3699515786950645,0.5968217531051171,2.0
14000,Ara - 3,286000.0,150000.0,9400000.0,27400000.0,0.3462178151118971,0.7455351862803075,5.240801234932143,3.4955432835630544,1.7452579513690887,0.49972623004633093,1.4997262300463308,0.8054592063025381,2.0
15000,Ara - 3,264000.0,167000.0,9300000.0,34700000.0,0.3878101165950732,0.7891012909632572,5.34426715909094,3.566500940246563,1.7777662188443766,0.5022452641583668,1.5022452641583668,0.7102694423635156,2.0
16000,Ara - 3,280000.0,139000.0,8600000.0,30900000.0,0.329317421708726,0.7850080033045903,5.463858060541205,3.446471357824991,2.0173867027162142,0.5841125888640932,1.5841125888640932,0.8680740993978036,2.0
17000,Ara - 3,244000.0,142000.0,9300000.0,27400000.0,0.36605985306828004,0.7410469606377679,5.240704948931365,3.634397568002785,1.606307380928579,0.4419767218943124,1.4419767218943125,0.7067030424219147,2.0
18000,Ara - 3,194000.0,153000.0,5100000.0,21200000.0,0.45602971060192,0.829030350808041,4.89604236121117,3.059408516890258,1.8366338443209118,0.6216004561290231,1.6216004561290231,0.6051896436395781,2.0
19000,Ara - 3,255000.0,155000.0,9500000.0,26700000.0,0.37667914556265136,0.7368065783014237,5.163085927844721,3.6291191263364744,1.533966801508246,0.42334809976012877,1.4233480997601289,0.6710682268404207,2.0
20000,Ara - 3,237000.0,103000.0,8300000.0,29800000.0,0.29465326340326337,0.7823315118397085,5.728319622376196,3.5693251201114133,2.1589945022647825,0.6036460398162503,1.6036460398162504,0.9844428457639708,2.0
22000,Ara - 3,222000.0,144000.0,7500000.0,21800000.0,0.38845573440643866,0.7426477563798501,5.049110653400636,3.533830685190008,1.515279968210628,0.4288116817423918,1.428811681742392,0.6495895847331277,2.0
24000,Ara - 3,217000.0,120000.0,9300000.0,29900000.0,0.3487874208405296,0.7674654377880183,5.558703848689253,3.71624089385857,1.8424629548306828,0.5014178898166199,1.50141788981662,0.7974437432096175,2.0
26000,Ara - 3,248000.0,144000.0,9700000.0,25900000.0,0.36923964716550794,0.7389920852850913,5.213110113297759,3.598202001032506,1.6149081122652527,0.4907704492907359,1.4907704492907359,0.6888334044857913,2.0
28000,Ara - 3,273000.0,135000.0,9900000.0,25600000.0,0.3247076023391813,0.7117682966009125,5.257769216547473,3.572866444596713,1.6849027719507599,0.4770214468417837,1.4770214468417837,0.7908508895992298,2.0
30000,Ara - 3,244000.0,167000.0,8100000.0,27700000.0,0.40615377327206403,0.7667891801270271,5.085516445079943,3.5023749016639565,1.5831415434159861,0.45176227926406887,1.4517622792640688,0.6345018736474578,2.0
32000,Ara - 3,303000.0,135000.0,8400000.0,26700000.0,0.30436974789915966,0.7593572145965852,5.297099480427134,3.312211465328411,1.984888015098723,0.601922323227202,1.601922323227202,0.9249183589437204,2.0
0,Ara - 4,284500.0,293000.0,26700000.0,21650000.0,0.5076037026037026,0.44877445465857657,4.3053975732905325,4.5422440448343036,-0.23684647154377103,-0.0521402899454244,0.9478597100545756,-0.12485274806799296,4.0
500,Ara - 4,260000.0,232000.0,14200000.0,16000000.0,0.47167561121049495,0.53001053001053,4.234536447207436,4.000873944577958,0.23366250262947674,0.05875554700788671,1.0587555470078867,0.11642417327013133,2.0
1000,Ara - 4,226000.0,201000.0,16300000.0,19700000.0,0.467425431711146,0.5453599798259992,4.5900254250746,4.277215871682763,0.3128095533918369,0.07315611963298456,1.0731561196329844,0.15507330229566524,2.0
1500,Ara - 4,275000.0,213000.0,13900000.0,23700000.0,0.43638715312772963,0.6272144522144523,4.692417483577966,3.915397121986171,0.777020361591795,0.19772409414395442,1.1977240941439544,0.36264015183345,2.0
2000,Ara - 4,246000.0,203000.0,15100000.0,34800000.0,0.4502168377496618,0.6979478231970755,5.1369630192665205,4.098459811790359,1.0385032074761626,0.25242650552135815,1.252426505521358,0.441807143553929,2.0
2500,Ara - 4,282000.0,236000.0,15100000.0,30900000.0,0.45538286976903897,0.670956857987717,4.8731961768462515,3.9809235787750623,0.8922725980711885,0.2239546078404659,1.223954607840466,0.38739173441854524,2.0
3000,Ara - 4,266000.0,185000.0,13200000.0,27300000.0,0.4117594786729858,0.673941798941799,4.991873004970407,3.9082069595901836,1.0836660453802236,0.27877795574944453,1.2787779557494445,0.49443863601944094,2.0
3500,Ara - 4,245000.0,200000.0,9300000.0,21600000.0,0.4491859243697479,0.6960470085470085,4.6514072518200615,3.617071698268362,1.0343355535516996,0.28947258143671883,1.2894725814367187,0.4413067891055975,2.0
4000,Ara - 4,268000.0,179000.0,9600000.0,23000000.0,0.40053475935828875,0.7051339957844023,4.864567082695675,3.570007331852178,1.2945597508434967,0.3759769337231975,1.3759769337231975,0.5615606391143496,2.0
4500,Ara - 4,202000.0,175000.0,14500000.0,29100000.0,0.4637105855855856,0.6673505460513856,5.115995809754082,4.272910919523914,0.843084890230168,0.1972876465472394,1.1972876465472395,0.36526668064056356,2.0
5000,Ara - 4,268000.0,165000.0,11500000.0,24100000.0,0.3757602553595307,0.6757149861088414,4.9933785551898815,3.745527876622882,1.2478506785669994,0.3355875636390493,1.3355875636390493,0.5960732867508888,2.0
6000,Ara - 4,261000.0,202000.0,11300000.0,29000000.0,0.4369169382938069,0.7196293923414322,4.967354187340327,3.7709324672974294,1.1964217200428968,0.3174737268014968,1.3174737268014969,0.4992584973248613,2.0
7000,Ara - 4,300000.0,177000.0,7900000.0,22700000.0,0.3711885390873718,0.7421477371727269,4.821702831107305,3.237404593500607,1.5842982376066979,0.49568610772844657,1.4956861077284467,0.692845456934391,2.0
8000,Ara - 4,258000.0,154000.0,10400000.0,20800000.0,0.3747285943547626,0.6864530054901224,4.8656208238654575,3.555774155222518,1.3098466686429402,0.3989516429925068,1.3989516429925066,0.6040828355768965,2.0
9000,Ara - 4,253000.0,149000.0,7000000.0,22900000.0,0.3665981912468372,0.7663975099242151,5.053617586751379,3.315024175793588,1.7385934109577916,0.5238384530366037,1.5238384530366036,0.7425236461423177,2.0
10000,Ara - 4,317000.0,189000.0,4900000.0,17300000.0,0.37550658561296857,0.7792207792207793,4.51893555581262,2.7480590550952257,1.7708765007173943,0.6491206380427017,1.6491206380427017,0.7310523126773498,2.0
11000,Ara - 4,278000.0,173000.0,7100000.0,25800000.0,0.3842215132537713,0.7807890855457227,4.948828316112667,3.2051763377741436,1.7436519783385238,0.550404681409832,1.550404681409832,0.7099342513754038,2.0
12000,Ara - 4,263000.0,165000.0,8300000.0,21200000.0,0.38113666519239275,0.7148890745381973,4.867306815577988,3.452426259662088,1.4148805559159001,0.41023499142360287,1.4102349914236028,0.632811270778808,2.0
13000,Ara - 4,277000.0,162000.0,7000000.0,21200000.0,0.3694807892004154,0.7483258928571428,4.864350981913077,3.2294809505887,1.6348700313243778,0.5062682441536732,1.5062682441536732,0.7057275713714986,2.0
14000,Ara - 4,286000.0,164000.0,9000000.0,26800000.0,0.3639921722113503,0.7510240005416201,5.061518066466239,3.398087879923617,1.6634301865426222,0.4931910162948041,1.493191016294804,0.7253253966893395,2.0
15000,Ara - 4,252000.0,119000.0,6300000.0,20200000.0,0.32029967159277506,0.7598393106660457,5.125947569853307,3.219541836193722,1.9064057336595852,0.5919153253486606,1.5919153253486606,0.8637281933084301,2.0
16000,Ara - 4,248000.0,140000.0,4600000.0,17800000.0,0.3606505102040816,0.8108045977011494,4.683472520382503,2.643532560848835,2.039939959533669,0.8558700435241651,1.855870043524165,0.8105681977022244,2.0
17000,Ara - 4,249000.0,126000.0,5800000.0,17400000.0,0.3360655737704918,0.75,4.9274746863724985,3.1431760016405166,1.7842986847319824,0.570690098901403,1.570690098901403,0.8022050717126443,2.0
18000,Ara - 4,308000.0,168000.0,6600000.0,21900000.0,0.35351704777641557,0.7960526315789473,4.682560358593786,2.6925049075671947,1.9900554510265918,0.8495660176616558,1.849566017661656,0.8102656315670596,2.0
19000,Ara - 4,315000.0,141000.0,9100000.0,26900000.0,0.3083490722171382,0.7406994047619048,5.240487732618837,3.314776743292195,1.9257109893266413,0.5957881447466566,1.5957881447466566,0.8678856047998784,2.0
20000,Ara - 4,278000.0,101000.0,7600000.0,28200000.0,0.26022465437788017,0.7900632911392405,5.6771602173967946,3.29504618715921,2.3821140302375845,0.7293393591540334,1.7293393591540334,1.1190694160083452,2.0
22000,Ara - 4,227000.0,141000.0,7400000.0,23900000.0,0.38217906653660844,0.7550412863972186,5.096680996684007,3.4788828497783992,1.6177981469056082,0.465359107908355,1.465359107908355,0.6842351296314093,2.0
24000,Ara - 4,257000.0,132000.0,8000000.0,23800000.0,0.34303379170664106,0.7491685144124168,5.195098284831731,3.441895383621329,1.753202901210403,0.5095359332657828,1.509535933265783,0.787886587347647,2.0
26000,Ara - 4,298000.0,100000.0,6400000.0,25200000.0,0.2438968335035751,0.7898809523809524,5.567255267197545,3.062635919929205,2.50461934726834,0.8121783573620805,1.8121783573620804,1.2169874285253952,2.0
28000,Ara - 4,276000.0,113000.0,9500000.0,24200000.0,0.2919550405064649,0.7113488034807831,5.344364922627782,3.5477163840580337,1.7966485385697484,0.5057402902341213,1.5057402902341213,0.8898509706119182,2.0
30000,Ara - 4,270000.0,115000.0,9700000.0,24800000.0,0.30067567567567566,0.7157064010230867,5.370367538534915,3.5533030688636513,1.8170644696712641,0.5144286359529788,1.5144286359529788,0.8748471512613553,2.0
32000,Ara - 4,285000.0,140000.0,5700000.0,21700000.0,0.3296607166585463,0.793854748603352,5.001446727197733,2.9386229370515866,2.062823790146146,0.7251286059379995,1.7251286059379995,0.8845622667379526,2.0
34000,Ara - 4,302000.0,99000.0,6800000.0,22100000.0,0.24743321371610846,0.7626296580868229,5.402818981652628,3.1090615202648184,2.29375746138781,0.738952528205665,1.738952528205665,1.1256328843236325,2.0
36000,Ara - 4,261000.0,109000.0,6200000.0,14600000.0,0.29515431377133505,0.7053030303030303,4.89488892113369,3.1437426920932827,1.7511462290404076,0.5575436704144716,1.5575436704144714,0.8775287814688448,2.0
38000,Ara - 4,271000.0,81000.0,6400000.0,19900000.0,0.23042270804404688,0.7568897637795275,5.505618944171944,3.1608019687103743,2.34481697546157,0.7417353870650729,1.741735387065073,1.1923664722557983,2.0
40000,Ara - 4,287000.0,93000.0,4000000.0,19000000.0,0.2435831986159562,0.8258490996124914,5.333865327389901,2.6436255028347153,2.690239824555187,1.0213282279468294,2.0213282279468294,1.2214265938851305,2.0
42000,Ara - 4,249000.0,95000.0,7900000.0,17500000.0,0.27389893860855463,0.6889763779527559,5.243513963278398,3.4615782696631916,1.781935693615206,0.5141842861115977,1.5141842861115977,0.9205065503784624,2.0
44000,Ara - 4,198000.0,74000.0,4900000.0,15800000.0,0.27034632034632033,0.7644311600971418,5.393473526431234,3.184145525696701,2.209328000734533,0.6954537149700436,1.6954537149700435,1.061245707564317,2.0
46000,Ara - 4,283000.0,62000.0,7500000.0,14600000.0,0.17803030303030304,0.6562859963797927,5.482404815290507,3.2699653018733015,2.2124395134172055,0.6776693734111274,1.6776693734111274,1.323978985350161,2.0
48000,Ara - 4,293000.0,45000.0,5800000.0,13400000.0,0.1352598519142366,0.6995764092538286,5.738917072579479,2.9684881809119563,2.770428891667523,0.9327931768022486,1.9327931768022486,1.6986642637266112,2.0
50000,Ara - 4,290000.0,85000.0,5900000.0,18900000.0,0.22659005575150756,0.7642115835286241,5.400797982663546,2.9885379048279415,2.4122600778356054,0.808399627034615,1.808399627034615,1.2236717211926176,2.0
0,Ara - 5,318000.0,332666.6666666667,28920000.0,28820000.0,0.5115148708184692,0.4991260570133166,4.445620957396462,4.492230714625931,-0.04660975722946898,-0.009380622414851002,0.990619377585149,-0.02104502554912012,10.0
500,Ara - 5,283000.0,250000.0,21500000.0,26600000.0,0.46926929044999294,0.5522549494669805,4.664883203825047,4.331497491014876,0.33338571281017115,0.07747842270832868,1.0774784227083287,0.16192174739614607,2.0
1000,Ara - 5,280000.0,236000.0,22100000.0,32900000.0,0.4573561888736986,0.597,4.931067859308327,4.3668101803483514,0.5642576789599758,0.1290978028704953,1.1290978028704952,0.2662280503583909,2.0
1500,Ara - 5,316000.0,206000.0,18500000.0,32900000.0,0.3954599761051374,0.6391610532761789,5.067030593704624,4.070427019032568,0.9966035746720552,0.24488109125864269,1.2448810912586428,0.4804702467552883,2.0
2000,Ara - 5,277000.0,200000.0,16800000.0,29800000.0,0.41950910753217524,0.6417286852069461,5.001493286089781,4.092133713844584,0.9093595722451964,0.22508657774070986,1.2250865777407098,0.4258640418773687,2.0
2500,Ara - 5,319000.0,195000.0,14600000.0,31100000.0,0.37999029244023785,0.6757692003480187,5.0482149872975635,3.821138502840385,1.2270764844571789,0.32076837787985735,1.3207683778798573,0.5756273883151877,2.0
3000,Ara - 5,350000.0,224000.0,17500000.0,31500000.0,0.3907312925170068,0.6434594816947758,4.9331742184057905,3.897717090121484,1.0354571282843064,0.26536881698273856,1.2653688169827386,0.5001328153396302,2.0
3500,Ara - 5,281000.0,205000.0,13800000.0,29100000.0,0.4250866851595007,0.6777728482697427,4.949719677118297,3.9036007500383123,1.0461189270799847,0.2684655249921186,1.2684655249921186,0.46778539303276456,2.0
4000,Ara - 5,311000.0,212000.0,13300000.0,35100000.0,0.4059068950373298,0.7252104571145603,5.10941057815921,3.757567818892329,1.3518427592668811,0.36025194148296463,1.3602519414829648,0.5812169276184639,2.0
4500,Ara - 5,329000.0,214000.0,13900000.0,34200000.0,0.39391634980988594,0.7123469603152266,5.068210976129185,3.7299320964036595,1.338278879725526,0.3601295874201441,1.3601295874201442,0.5924444486841971,2.0
5000,Ara - 5,284000.0,190000.0,12400000.0,27300000.0,0.400944404846757,0.6869403744403744,4.965411804243236,3.7770978147297525,1.1883139895134838,0.31450054935437155,1.3145005493543716,0.5382228379828629,2.0
6000,Ara - 5,294000.0,193000.0,14500000.0,26900000.0,0.3984562607204117,0.6469186446304507,4.928143516651165,3.908786748175337,1.0193567684758282,0.26199735797734963,1.2619973579773496,0.4848842744166024,2.0
7000,Ara - 5,323000.0,215000.0,11300000.0,28000000.0,0.40006921373200444,0.7091871229457042,4.860124071725972,3.5499770132234625,1.3101470585025097,0.3740731048785242,1.3740731048785242,0.5701934749964161,2.0
8000,Ara - 5,275000.0,178000.0,12700000.0,32900000.0,0.3925154260720144,0.7228496104509325,5.212279273517446,3.8162362568824206,1.396043016635025,0.3669619845624441,1.366961984562444,0.6108723354001766,2.0
9000,Ara - 5,336000.0,181000.0,11500000.0,33300000.0,0.35194196629719743,0.7434184284004786,5.214976351100872,3.5378180758106486,1.6771582752902234,0.47683804607942004,1.4768380460794202,0.751613754120948,2.0
10000,Ara - 5,292000.0,235000.0,11600000.0,27200000.0,0.44556416757909295,0.7065696226776479,4.745553841692715,3.642642073629177,1.102911768063538,0.31047684646241325,1.3104768464624132,0.46111398557688815,2.0
11000,Ara - 5,320000.0,180000.0,12500000.0,33700000.0,0.35984945959855896,0.7291873839052855,5.234338572849408,3.667499810482344,1.5668387623670639,0.4271495270532275,1.4271495270532275,0.7062129012540858,2.0
12000,Ara - 5,315000.0,207000.0,11600000.0,33400000.0,0.3964722462821322,0.7428571428571429,5.082710189795652,3.600853482223757,1.4818567075718954,0.4127532125292913,1.4127532125292914,0.6281578237164815,2.0
13000,Ara - 5,346000.0,205000.0,11400000.0,33800000.0,0.3720519644786424,0.742410669851697,5.088104811083759,3.4943306125431954,1.5937741985405631,0.45666267821823275,1.4566626782182328,0.6892737944351642,2.0
14000,Ara - 5,349000.0,217000.0,11100000.0,30500000.0,0.38337912087912085,0.7331322377088967,4.945545791368682,3.4593000484195384,1.4862457429491431,0.4297970358702232,1.4297970358702232,0.6482397897600511,2.0
15000,Ara - 5,325000.0,244000.0,9000000.0,35000000.0,0.42800192835422385,0.7945945945945947,4.9577221634305815,3.3129864643287723,1.644735699101809,0.49963832474006686,1.4996383247400669,0.6222144827551791,2.0
16000,Ara - 5,333000.0,204000.0,13400000.0,32000000.0,0.3798826499472896,0.704839968774395,5.052598808741427,3.6920796376320157,1.360519171109412,0.368731226816408,1.3687312268164078,0.6181399248043491,2.0
17000,Ara - 5,309000.0,211000.0,10900000.0,34400000.0,0.4059342220118063,0.7592690058479532,5.093811850806455,3.5617444470338206,1.5320674037726347,0.43025022934536894,1.430250229345369,0.626533707775426,2.0
18000,Ara - 5,319000.0,204000.0,9100000.0,34000000.0,0.39109970674486805,0.7879003405319194,5.113498232755701,3.3470736213041645,1.7664246114515365,0.5348859753414579,1.5348859753414579,0.7009221517648414,2.0
19000,Ara - 5,330000.0,208000.0,10400000.0,31500000.0,0.38573107500864157,0.7511623136879529,5.025851748421786,3.4422253979059008,1.5836263505158852,0.46066262448413714,1.4606626244841372,0.6705599601063593,2.0
20000,Ara - 5,338000.0,195000.0,10100000.0,32400000.0,0.3665531431814957,0.7629228177505873,5.115122266054593,3.396363678961087,1.7187585870935056,0.5061118863819366,1.5061118863819365,0.7329493139239944,2.0
22000,Ara - 5,339000.0,237000.0,11300000.0,36000000.0,0.41069347319347316,0.7601973094170404,5.025774951041418,3.508825633126545,1.516949317914873,0.4328360684618542,1.4328360684618544,0.615764565870043,2.0
24000,Ara - 5,319000.0,238000.0,10200000.0,36600000.0,0.42593955831073227,0.7813765182186235,5.039971994938842,3.465074748422071,1.5748972465167714,0.45459717057721305,1.4545971705772132,0.6095910805682706,2.0
26000,Ara - 5,300000.0,218000.0,9100000.0,32200000.0,0.4206768038163387,0.780367231638418,4.991899466924085,3.4011700735697676,1.590729393354318,0.4744722589402319,1.474472258940232,0.6235591201048474,2.0
28000,Ara - 5,353000.0,210000.0,9000000.0,31800000.0,0.36640191338602823,0.7778981581798483,5.053105579409549,3.232625661719493,1.8204799176900561,0.563542967176222,1.563542967176222,0.7642124724713524,2.0
30000,Ara - 5,331000.0,209000.0,9700000.0,34900000.0,0.3858850587376568,0.7822470190138575,5.1228123144572635,3.3782621546291067,1.7445501598281563,0.5163504163927339,1.516350416392734,0.7077212873686618,2.0
32000,Ara - 5,330000.0,192000.0,9200000.0,32200000.0,0.36894488466797015,0.7760902685202818,5.110891584194152,3.327683676516009,1.7832079076781433,0.535833224860724,1.535833224860724,0.7466996005529556,2.0
34000,Ara - 5,320000.0,191000.0,7000000.0,31700000.0,0.37360204675674846,0.8164306026468336,5.098177090859505,3.083884919965908,2.0142921708935972,0.6532306418607264,1.6532306418607265,0.7826623420538243,2.0
36000,Ara - 5,314000.0,159000.0,7300000.0,27700000.0,0.3359439259020849,0.7889013563908782,5.153680785206025,3.14632540271453,2.007355382491495,0.6388531819613632,1.638853181961363,0.8549349357359433,2.0
38000,Ara - 5,301000.0,173000.0,9600000.0,33700000.0,0.36502270097035516,0.7655340462975497,5.224920655675128,3.462546099317707,1.7623745563574214,0.5094534543251596,1.5094534543251594,0.7381567793464756,2.0
40000,Ara - 5,322000.0,163000.0,6500000.0,28300000.0,0.3360825794163662,0.8146533686706654,5.1314719651648435,2.969598059281113,2.1618739058837306,0.7349274418728202,1.7349274418728202,0.8853764510822986,2.0
42000,Ara - 5,325000.0,202000.0,6400000.0,29800000.0,0.3829597187806143,0.8225702441271303,4.992582791775197,2.9798579243967005,2.0127248673784965,0.6757590275341612,1.675759027534161,0.7658234414020526,2.0
44000,Ara - 5,305000.0,188000.0,9200000.0,30800000.0,0.38137797089999337,0.7704770477047704,5.097476882188448,3.38257529507597,1.714901587112478,0.5134433085408285,1.5134433085408285,0.7013498930314412,2.0
46000,Ara - 5,308000.0,150000.0,7200000.0,26500000.0,0.3279356876256101,0.7853465905084267,5.172488419622107,3.148082812364679,2.024405607257428,0.6492278893494113,1.6492278893494114,0.8727652193574756,2.0
48000,Ara - 5,349000.0,170000.0,7900000.0,22800000.0,0.327472005227671,0.7527340332458443,4.8946635178828295,3.035943057209278,1.858720460673552,0.6364410461103563,1.6364410461103565,0.8296316575484961,2.0
50000,Ara - 5,306000.0,135000.0,7000000.0,24500000.0,0.3105378361475922,0.7768038617886179,5.175326116552953,3.1243208040677044,2.0510053124852488,0.6558767771109988,1.6558767771109988,0.9244816141128172,2.0
0,Ara - 6,235000.0,216000.0,26650000.0,23350000.0,0.4782814764605088,0.464048087954671,4.680915705017122,4.737842475602049,-0.056926770584927455,-0.011934151484112046,0.9880658485158879,-0.0355006710194547,4.0
500,Ara - 6,192000.0,170000.0,19200000.0,25700000.0,0.4873847167325428,0.5746084337349397,5.025773565296571,4.673216577916741,0.3525569873798302,0.08566970220102435,1.0856697022010242,0.17315886355689109,2.0
1000,Ara - 6,264000.0,209000.0,18900000.0,30900000.0,0.44455500573723467,0.6242612293144207,4.994283280887352,4.259679639189862,0.7346036416974902,0.1721910977839518,1.1721910977839518,0.34506982974799494,2.0
1500,Ara - 6,350000.0,246000.0,12100000.0,26500000.0,0.41902071563088517,0.6858149137721642,4.6854313502137765,3.5763780560530956,1.1090532941606812,0.31425267091023923,1.3142526709102391,0.495176782910506,2.0
2000,Ara - 6,215000.0,188000.0,10300000.0,22400000.0,0.4649287229319785,0.6845554640101865,4.787152874588797,3.870090931878603,0.9170619427101945,0.23720741666606793,1.237207416666068,0.39083202013975527,2.0
2500,Ara - 6,171000.0,158000.0,12200000.0,24300000.0,0.4665178571428571,0.6665613528314377,5.137847561105044,4.309245706532593,0.8286018545724518,0.19236083735539758,1.1923608373553976,0.35981621249265516,2.0
3000,Ara - 6,185000.0,144000.0,12500000.0,21600000.0,0.4367120737795076,0.6444826105624732,5.074285715533199,4.216035468999701,0.8582502465334982,0.21970461263357838,1.2197046126335782,0.38537050249502997,2.0
3500,Ara - 6,238000.0,108000.0,12200000.0,24300000.0,0.3119131161236424,0.6693255982596085,5.41877522707804,3.913820997846873,1.504954229231167,0.387003287412242,1.387003287412242,0.7632459522324123,2.0
4000,Ara - 6,190000.0,119000.0,12200000.0,28700000.0,0.3810052574329224,0.7061111111111111,5.535629734842473,4.163955869299382,1.3716738655430916,0.338871767751542,1.338871767751542,0.6157927689642209,2.0
4500,Ara - 6,183000.0,149000.0,12200000.0,20800000.0,0.45416934295537836,0.6304755599691052,4.948377691714681,4.229680756445259,0.718696935269421,0.17296317569539102,1.1729631756953909,0.32975060283826607,2.0
5000,Ara - 6,142000.0,110000.0,13400000.0,25900000.0,0.4375,0.6588979223125564,5.442597861574045,4.532887036998996,0.9097108245750496,0.20663655761860578,1.2066365576186058,0.40951490752384434,2.0
6000,Ara - 6,181000.0,116000.0,8900000.0,22100000.0,0.4021164021164021,0.7121405207935092,5.2535567623103905,3.947894957857567,1.3056618044528232,0.3402296241046695,1.3402296241046696,0.5770762670164384,2.0
7000,Ara - 6,200000.0,133000.0,11900000.0,20800000.0,0.39962272364507,0.6321993491258608,5.04111238707055,4.089151286965372,0.9519611001051791,0.23214702654438396,1.232147026544384,0.4570595787225698,2.0
8000,Ara - 6,183000.0,126000.0,7900000.0,16900000.0,0.4130210571551354,0.6855852317360566,4.901928855793644,3.7585808657102877,1.1433479900833559,0.32134584901800045,1.3213458490180003,0.5071996737810173,2.0
9000,Ara - 6,185000.0,114000.0,11900000.0,23400000.0,0.380912003014886,0.7016491754122939,5.270958975128501,3.898569278968184,1.3723896961603168,0.40623814665580527,1.4062381466558054,0.6041724689284357,2.0
10000,Ara - 6,289000.0,154000.0,9500000.0,20000000.0,0.35092232014757124,0.6876541383052185,4.845335087109557,3.429848992014179,1.415486095095379,0.41434572750435644,1.4143457275043563,0.6792579495552352,2.0
11000,Ara - 6,180000.0,132000.0,11800000.0,29100000.0,0.4192972525797884,0.7048387882330021,5.413349363627429,4.205118872356792,1.208230491270636,0.2907803339318926,1.2907803339318926,0.5176424665274749,2.0
12000,Ara - 6,160000.0,124000.0,11400000.0,32100000.0,0.4426807760141093,0.7382539682539683,5.644813286924941,4.376863162338495,1.2679501245864457,0.29753960139203045,1.2975396013920304,0.5118667013330179,2.0
13000,Ara - 6,212000.0,101000.0,10100000.0,30300000.0,0.3341847594721158,0.7442449867715055,5.78823785528402,4.002782982200455,1.7854548730835653,0.48049744280724493,1.4804974428072448,0.7998365052857159,2.0
14000,Ara - 6,199000.0,129000.0,8600000.0,27300000.0,0.39233027246725877,0.768919782678172,5.357915060820412,3.696278564663411,1.6616364961570005,0.4664404392232956,1.4664404392232955,0.6710246108934224,2.0
15000,Ara - 6,196000.0,170000.0,8400000.0,28000000.0,0.46704545454545454,0.7644230769230769,5.092249243085443,3.7713809564420853,1.3208682866433579,0.3562296822601732,1.3562296822601732,0.5021360472212433,2.0
16000,Ara - 6,197000.0,138000.0,8900000.0,29100000.0,0.4152426520847573,0.7677435144395497,5.358578748246789,3.819527112753229,1.5390516354935595,0.4144518833646683,1.4144518833646682,0.6150226722799228,2.0
17000,Ara - 6,211000.0,138000.0,9800000.0,30300000.0,0.3919853674758896,0.756705173279759,5.406304897465835,3.8298714797825077,1.5764334176833275,0.4118506102454208,1.4118506102454207,0.6607140606599378,2.0
18000,Ara - 6,204000.0,141000.0,7100000.0,25600000.0,0.42581725230414746,0.7825476992143658,5.205781071465115,3.6081243086581587,1.5976567628069558,0.4731891507069036,1.4731891507069035,0.619803789640579,2.0
19000,Ara - 6,191000.0,138000.0,8500000.0,25700000.0,0.42757582957155305,0.7518518518518519,5.244146794650055,3.8422874676330987,1.4018593270169557,0.3735191183855837,1.3735191183855837,0.567069934599979,2.0
20000,Ara - 6,168000.0,154000.0,10800000.0,26800000.0,0.5002655554193733,0.714551757728562,5.156529721298472,4.238714979122112,0.9178147421763607,0.23638863813709263,1.2363886381370928,0.37394009316805343,2.0
22000,Ara - 6,153000.0,112000.0,7400000.0,23100000.0,0.4356042747131856,0.7624815810002601,5.461288158692682,4.007776238613659,1.4535119200790219,0.41186753990940683,1.411867539909407,0.5585883238573411,2.0
24000,Ara - 6,173000.0,140000.0,6400000.0,28000000.0,0.4503180981081534,0.8143631436314362,5.304252840550252,3.6248800165865376,1.6793728239637138,0.4692206179770043,1.4692206179770042,0.5933204921310542,2.0
26000,Ara - 6,206000.0,115000.0,8600000.0,28500000.0,0.3865425093804338,0.7603896103896104,5.494820803141097,3.859198853832951,1.635621949308147,0.4420518175695507,1.4420518175695507,0.6936901756528031,2.0
28000,Ara - 6,204000.0,134000.0,7700000.0,25600000.0,0.41337678071604633,0.7659501445086705,5.295313052370895,3.7115428445420413,1.5837702078288536,0.4810348136273901,1.48103481362739,0.6175004905051957,2.0
30000,Ara - 6,231000.0,123000.0,10700000.0,30000000.0,0.3504088504088504,0.7334905660377358,5.468727606820911,3.8318848688011755,1.636842738019736,0.4318884354142273,1.4318884354142272,0.7462371911203247,2.0
32000,Ara - 6,212000.0,129000.0,5600000.0,26300000.0,0.3792598967297762,0.8199565732333202,5.30883400663342,3.2230270784601074,2.085806928173313,0.6843668526001464,1.6843668526001463,0.7721783302874976,2.0
34000,Ara - 6,167000.0,96000.0,7600000.0,24600000.0,0.36801057501652346,0.7639274691358025,5.604912834357913,3.889164784401718,1.7157480499561955,0.44826188321482957,1.4482618832148297,0.7305749765279171,2.0
36000,Ara - 6,197000.0,105000.0,6200000.0,26100000.0,0.35980103168754607,0.8088328200268499,5.5041983931029135,3.476998670485866,2.0271997226170475,0.6071987847065526,1.6071987847065525,0.8220449906468703,2.0
38000,Ara - 6,260000.0,120000.0,7400000.0,25600000.0,0.32131626235399824,0.7773897058823529,5.362648229989421,3.327966571582437,2.034681658406985,0.6126255437761812,1.6126255437761812,0.8922670448969215,2.0
40000,Ara - 6,199000.0,111000.0,4800000.0,27600000.0,0.37983468846862223,0.8501996314496314,5.512090743126945,3.263291431721509,2.2487993114054357,0.7238248787649623,1.7238248787649622,0.8283681964628842,2.0
42000,Ara - 6,222000.0,127000.0,6600000.0,24900000.0,0.366392685020136,0.7903531403692655,5.277350332351135,3.3833570841522373,1.8939932481988981,0.575136592528009,1.575136592528009,0.7721122032188918,2.0
44000,Ara - 6,231000.0,94000.0,6500000.0,22500000.0,0.2902534113060429,0.7768401983218917,5.488944682726819,3.3434655087295093,2.14547917399731,0.6517933922621485,1.6517933922621484,0.9843568190364451,2.0
46000,Ara - 6,227000.0,104000.0,6400000.0,20000000.0,0.31233460746839165,0.7616020343293071,5.2708732338953315,3.299075967186946,1.9717972667083863,0.6092218599081367,1.6092218599081367,0.8920186233224321,2.0
48000,Ara - 6,230000.0,124000.0,7400000.0,24100000.0,0.35239769820971867,0.773423944476576,5.27228918557001,3.4013636497133635,1.8709255358566463,0.5884206979580516,1.5884206979580515,0.7953081892622679,2.0
50000,Ara - 6,181000.0,130000.0,6900000.0,28200000.0,0.42445782103825136,0.8028182764904972,5.381780133855887,3.6697217910947018,1.7120583427611853,0.47319806082455046,1.4731980608245505,0.6409033712354446,2.0
